gene,logFC,AveExpr,t,P.Value,padj,B
MED7,1.2581434590270033,2.993700351395864,9.389385462048304,7.390670113524861e-11,2.589359664173402e-7,14.701502981764635
COX7B,1.2439166591398572,5.668679514747414,8.30442153872943,1.3261889250559824e-9,1.4017816937841734e-6,11.953346072373323
NDUFB6,1.1670662421124427,3.905427835280946,8.206569874165204,1.7333419969327543e-9,1.6812782981491879e-6,11.697406199431795
ATP5EP2,1.9247725806476046,6.748373983017035,8.181706421039108,1.8557155608710683e-9,1.6812782981491879e-6,11.63216825489022
REEP3,1.0571587886124594,4.498633796707353,7.909080564059338,3.940062668314277e-9,2.7445255853318854e-6,10.911477433770417
THOC7,0.9057713415890524,4.885877670386538,7.722833004957823,6.623522512469453e-9,2.7445255853318854e-6,10.413620063707276
PPCS,1.0273534921865946,5.797388716819473,7.722309273163543,6.633241731062883e-9,2.7445255853318854e-6,10.412213943242817
NDUFC2,1.2942415800939036,3.816510234114977,7.65865051329197,7.929207981264946e-9,2.793724278732349e-6,10.241050250164287
ITM2B,1.0669040024472423,9.21144189166155,7.56312784897617,1.0372895572608514e-8,3.2090196937308877e-6,9.983284892116869
TXNDC12,1.180698703274425,6.022063166850628,7.411702755713039,1.591271573436458e-8,4.403535353725988e-6,9.572443725949908
PRDX4,1.1327075875740873,3.781232842477773,7.379847120580649,1.74171726667318e-8,4.508559553159716e-6,9.48567504371198
CHIC2,1.1823503219040425,4.6610647047423,7.3611379709127025,1.8367143887038658e-8,4.615787019666561e-6,9.434660956899322
COMMD8,1.1940245000829373,4.101580816813709,7.35744391805794,1.8560831304495555e-8,4.615787019666561e-6,9.42458372021298
BTF3L4,0.7396928347663334,5.064107908536585,7.303496160408957,2.1637191736111546e-8,5.08233592557109e-6,9.277241286152561
USMG5,1.4986661392913605,4.97016344125865,7.286532326627994,2.270761572088348e-8,5.23678905097611e-6,9.230842385449535
CTSC,0.9591997765972592,7.003627005028258,7.256854423787754,2.4710999532050235e-8,5.312446068890257e-6,9.149591906675465
MRPS18C,1.1233840759994098,2.5515027539223434,7.23957658923253,2.5958839367471324e-8,5.397736369459119e-6,9.102245110363723
ATP6V1E1,0.8138939205918655,6.175774071651087,7.1898133002396865,2.992128602329785e-8,5.7503271502956054e-6,8.965696655074996
MRPS11,1.1248203634649974,4.005459123311328,7.162601496316221,3.234166639888956e-8,6.122711889604704e-6,8.890916075317449
CCR1,2.4986199536043894,6.179074928023938,7.124813035061029,3.603528637388681e-8,6.576545260063537e-6,8.78693973389824
HSBP1,1.1691545808056976,5.821142816179537,7.122543945689803,3.62702104537507e-8,6.576545260063537e-6,8.780691475552489
ORMDL2,1.304119680082562,4.03728012651251,7.121266873540111,3.640310969997187e-8,6.576545260063537e-6,8.777174640154035
LOC644936,2.017993937504638,4.61219675098237,7.117358646005347,3.681289131697502e-8,6.576545260063537e-6,8.76641100054744
MED8,0.9594104733411588,4.429491802870258,7.10707017505972,3.791411002302181e-8,6.639461855880496e-6,8.73806793644388
RAB11A,1.1848930030432014,6.4785104027135825,7.078778616728725,4.111728194201104e-8,7.047724380438757e-6,8.660072719970335
FAM120AOS,0.8199654255058091,4.689590358217524,7.060995591681256,4.326949661448913e-8,7.279549792074851e-6,8.61100565994032
LY96,1.973321528824046,4.408915372510942,7.058203563140042,4.3617611494614373e-8,7.279549792074851e-6,8.603298936576596
YIPF5,1.4396519932671972,4.987505090125332,7.051084338440633,4.451812730666093e-8,7.333349698151783e-6,8.58364443518522
BLOC1S4,1.4210499785823878,4.412042477234795,7.012082389626456,4.979606103484327e-8,7.797694298345086e-6,8.475878245039791
STARD3NL,0.9485234792498339,4.870252269692862,6.9759002222884705,5.525746880302179e-8,7.953980533311443e-6,8.37576734204779
H2AFZ,0.7835504914320022,6.870420892976345,6.9685564130062945,5.643789403957977e-8,7.953980533311443e-6,8.355432270846476
SARNP,1.1747205988384641,5.121623174703387,6.963565700127457,5.725461084208222e-8,7.98041191121946e-6,8.341609923310404
NDUFS8,0.8490094574328113,5.233350728068037,6.949408930590299,5.963695993593511e-8,8.04123502651838e-6,8.30238789005742
EDARADD,0.9994232476092001,4.399601854345419,6.948257128126237,5.983514404765701e-8,8.04123502651838e-6,8.29919590497342
TM2D2,1.3269235369731758,4.390658300243638,6.9388959165268655,6.14707751172105e-8,8.074286850355409e-6,8.273248443302112
ATP5F1,0.7662235010140489,6.474765185940068,6.914057189837744,6.603325885887898e-8,8.21837304414935e-6,8.20435930158802
FADD,1.3159425273868852,3.94084547575715,6.913764090768778,6.60890925972275e-8,8.21837304414935e-6,8.20354605018441
LAMP2,0.7920577102763743,6.328324524832791,6.9040614582807525,6.796458021013774e-8,8.350204126132014e-6,8.176619874415211
MGST3,1.3601425458142375,5.113918767447468,6.889661796628625,7.08476538948699e-8,8.558396590500283e-6,8.13664226874993
PRKAR1A,0.7898498099124218,7.230082736790253,6.855848606688136,7.811334861410702e-8,9.173978831679014e-6,8.042690293020751
B2M,1.8752927426311232,13.12329195459238,6.8346405188350525,8.305034530869496e-8,9.405451606209704e-6,7.983707987591867
CPQ,0.8947472019188055,4.769284093555185,6.7915573462896575,9.407266571352585e-8,1.0198441811199673e-5,7.8637614901802255
UQCRFS1,1.053378175994702,6.003201935944147,6.7770650414095615,9.810352944873507e-8,1.0527749054817773e-5,7.823376229427209
RAP1A,0.6757131269777894,7.010789426273232,6.763720006641124,1.0196948661573238e-7,1.0689098911024376e-5,7.786171464884017
SDHAF2,1.1425332162072002,5.4691428835958655,6.736738046342777,1.1026268281374188e-7,1.1188574950476015e-5,7.710900143471568
HIGD1A,1.008077607668157,4.678291771936871,6.728811771479221,1.1282601746419566e-7,1.1254425494976314e-5,7.688776188170504
CYP1B1,2.5188472393896393,5.10566364872128,6.7171300936350375,1.1671397871203008e-7,1.138769312294915e-5,7.656160160280242
PSMA6,1.0832637064020936,5.943545460802542,6.702575349309498,1.2174807620007466e-7,1.1625431330918686e-5,7.615505900093179
THAP1,0.9382655118479102,3.65608853789014,6.7021449901319725,1.2190021814980963e-7,1.1625431330918686e-5,7.614303546237014
FARS2,1.1900737002668433,4.115601526079097,6.698206693009505,1.2330144537677214e-7,1.1671309948947595e-5,7.6032998479190645
MDH2,0.7775076550745494,6.6028710017864825,6.68981186125481,1.2634281368384143e-7,1.1783325358572387e-5,7.579840078321297
SCFD2,1.2126644053154594,4.182755723799982,6.678260126563119,1.3065214221218436e-7,1.192224296272911e-5,7.547548433620754
SNAPIN,1.2541465257183884,4.00590077877749,6.668494292580538,1.3441083652650394e-7,1.2050221533617824e-5,7.520240324841742
ARL6IP5,1.6209509733474068,7.848557244486312,6.665881046009868,1.3543501687603946e-7,1.2050221533617824e-5,7.512931573973441
RAP2B,1.0967941060486455,6.8766878659222925,6.65748578196497,1.3877889815756653e-7,1.2050221533617824e-5,7.489447773901366
S100A10,1.5366737159745147,8.532771794460157,6.655320245849442,1.3965488532338537e-7,1.2050221533617824e-5,7.483389239328737
LIMS1,1.5129950866522355,6.209567407081843,6.641809150321854,1.4524777941689143e-7,1.231303687820957e-5,7.445580400612073
ECHS1,0.7964658889329921,5.342173163303264,6.631920322075073,1.4948407412603786e-7,1.231303687820957e-5,7.417898435518898
GSTO1,2.0339572233000767,6.928664255581859,6.631822769761811,1.4952648011824504e-7,1.231303687820957e-5,7.417625315815123
EIF3G,0.8414387300079568,7.775020079388578,6.6092902282301145,1.5965399171814842e-7,1.257795795622978e-5,7.354519673224994
GLTP,1.0442548100909448,5.915819710457732,6.595201159937583,1.6633549479226105e-7,1.2926965018540727e-5,7.31504041563247
RBMX2,0.7640669689230195,4.365201911737359,6.594273653138711,1.6678512370024446e-7,1.2926965018540727e-5,7.312440874208999
NOP10,1.4170303837591935,5.456590414718203,6.593540385862674,1.671414587701576e-7,1.2926965018540727e-5,7.310385683233186
VIMP,0.9082643800446406,5.2424164861542195,6.585842623461526,1.7092891238529669e-7,1.3092323166944625e-5,7.288807928652375
CASP4,0.8607346905037786,6.8731530852426905,6.583083042356841,1.7230767094512021e-7,1.3092323166944625e-5,7.281071347853425
ENY2,0.7616570135282381,5.551849687070081,6.580070416961538,1.7382567385755867e-7,1.3092323166944625e-5,7.272624662197719
PSMB1,1.2156803280182134,7.099974427306533,6.578857887304143,1.744404458541187e-7,1.3092323166944625e-5,7.2692248152916985
RBKS,2.192628396741087,1.0371816303970085,6.574706215463091,1.765620749109953e-7,1.3121658643294906e-5,7.2575829468297695
SMIM7,0.8166760480268103,4.84789839781249,6.574004247951604,1.7692336620497303e-7,1.3121658643294906e-5,7.255614397939709
MPC2,1.3203834320092287,5.035933656897888,6.5706947898893535,1.786367650273441e-7,1.3121658643294906e-5,7.246333063418696
PSMD10,1.2030183130321463,4.6434078144673006,6.554378747644479,1.8733197191937298e-7,1.3577821324716153e-5,7.200562432242874
PSMB3,1.065904612783198,6.215090418431196,6.546830751429246,1.9149774083493421e-7,1.3664916573569921e-5,7.179381410751326
CCDC23,1.3988435772919567,4.128105888305319,6.544518556853746,1.9279245561795493e-7,1.3664916573569921e-5,7.172892103179215
UQCR11,1.182472356353146,6.0694972150512285,6.539733945677305,1.9549971480985534e-7,1.3776213236934473e-5,7.159462512968846
GTF2H5,1.3867276177915469,4.671862578764837,6.534888133815819,1.982806989952007e-7,1.3877864413610979e-5,7.145859357770238
CISD3,1.0046124941715744,3.799583412671078,6.530998490443773,2.0054179093152168e-7,1.3877864413610979e-5,7.134939061912993
COX5A,1.2737135272260458,6.198923732223663,6.524125147053399,2.0460112309565224e-7,1.3877864413610979e-5,7.1156391255250515
RGS10,1.5389728208733613,7.077704125089444,6.510283538131319,2.1302915298430987e-7,1.4146920295565375e-5,7.076761897437176
PSMB7,1.1043365620385255,5.316316677982853,6.481500327488493,2.3169341753947003e-7,1.491776298513014e-5,6.995872161554951
RFK,1.0378441073110145,3.741528703219683,6.478678491266486,2.3360975750035907e-7,1.4965182647144215e-5,6.987938645094076
SUMO1,0.9729066835270721,5.965025926275323,6.476705150155111,2.3495936454530838e-7,1.4976002914033625e-5,6.9823903045896465
TOMM5,1.4181768726008996,4.907504059089643,6.4695849523402,2.3989470987869244e-7,1.5073238030677865e-5,6.962368460749117
ARL3,1.1552923216901123,3.6658073129028326,6.454858120740129,2.50436841259696e-7,1.5327011811107906e-5,6.920945303638458
TMEM160,0.9354444303653572,3.999893345015652,6.454666775197988,2.5057684588366125e-7,1.5327011811107906e-5,6.920406990583581
INIP,1.3378165258987256,3.9810636245894453,6.453623305785848,2.513417263253267e-7,1.5327011811107906e-5,6.917471348536781
MGMT,1.3433244250383094,4.1656225920648335,6.448024645311508,2.5548601864582236e-7,1.543135552620767e-5,6.901719044591438
HDDC2,1.137850190255909,4.820714093511693,6.441171939590626,2.606524910319389e-7,1.5643633503282516e-5,6.882435346244449
COX7C,0.9746161111459063,6.95852142182266,6.429677948612642,2.6955580328905837e-7,1.5831981588761253e-5,6.850083503416187
PSMD14,1.305922436009898,4.951812955522442,6.4296116831778365,2.6960801191835627e-7,1.5831981588761253e-5,6.849896960895249
LYRM1,0.8747510411338589,4.164316119515805,6.417366177122618,2.794330126509722e-7,1.603768476228476e-5,6.8154196215141685
RAB8A,0.8998617332747856,6.54295169897085,6.411921381051037,2.8391672713264097e-7,1.6148877878701426e-5,6.800086405450237
NAT1,1.1373007364228802,2.3563241656116802,6.402285784853767,2.920299934261664e-7,1.6387105695063884e-5,6.772946381406484
PSMD8,1.121010091039506,6.686162518596755,6.401362103978291,2.9281991280077944e-7,1.6387105695063884e-5,6.770344369221762
PPA2,0.8245085108799878,4.7430066186385265,6.398864387806404,2.94966728009645e-7,1.6387105695063884e-5,6.763308002806127
LOC101926888,1.8024194068481023,0.6405758213150077,6.397834241150579,2.958567647563568e-7,1.6387105695063884e-5,6.760405832199275
UBE2F,0.9685429943819525,5.503442126796135,6.3873927853017145,3.0503227512393973e-7,1.668695708853684e-5,6.730985680949916
SLC40A1,1.7321580538843453,4.858099385932032,6.387185696796779,3.0521712744722073e-7,1.668695708853684e-5,6.730402107815257
RBX1,1.5299578794713484,6.01457457036258,6.380220711028524,3.115004386287218e-7,1.6884921211823535e-5,6.710773175712678
PSMA2,1.3528135341040928,6.40487560865199,6.353221428292735,3.3711439350559924e-7,1.8118470200106022e-5,6.634652500630093
CYB5R4,0.8372049620346775,5.491432511077838,6.349051975251029,3.412549087630592e-7,1.81868792552548e-5,6.622893047107375
TDP2,1.0939719256512526,5.743347672383055,6.34633370209847,3.43981870455571e-7,1.825550646384294e-5,6.615225868221717
CYBA,0.848814697761772,8.739828471162888,6.339280553705936,3.5116040117363334e-7,1.8558827202026523e-5,6.5953294838840755
S100A6,1.3900007651942003,9.103469172722438,6.335458102341508,3.551136737903493e-7,1.856938067496798e-5,6.584545307199408
PPBP,3.438916935680017,7.124490723395655,6.323783863567985,3.6746723305343615e-7,1.880609524015196e-5,6.55160332037172
CAP1,0.8598481416710428,8.770527550226442,6.3231035945901954,3.682002932394433e-7,1.880609524015196e-5,6.549683492536635
FAM217B,1.1629238829893995,5.04522889153476,6.308800937963724,3.8395862580815196e-7,1.9402913186257367e-5,6.509312362868769
FUNDC2,0.825242824685991,4.948515699424806,6.306686684214571,3.8634501587148635e-7,1.944603246553148e-5,6.503343517445678
C1orf43,0.6627858515329482,6.522470917709332,6.304347106210103,3.8900315021207973e-7,1.9502434613794542e-5,6.496738224999165
MINOS1,0.739098595575687,5.082273859365834,6.301729017463961,3.919995652035806e-7,1.9545156503617957e-5,6.489346215232539
HMGN4,0.94871858477667,6.7724933161309515,6.29478602078341,4.0005892066710144e-7,1.971408295430134e-5,6.469741048748027
TXNDC9,1.4162700547700737,4.297945097884495,6.293987892347542,4.0099601089638493e-7,1.971408295430134e-5,6.467487157344168
BFAR,1.3019059280442815,5.7936329567503515,6.286367129713045,4.100557105205168e-7,2.0081647228734498e-5,6.445964383241067
LINC00116,1.681527534937627,2.6410470116789853,6.273828345385219,4.254129366097775e-7,2.0595182015108465e-5,6.4105443178678225
CHP1,1.160675810636344,6.473428689651766,6.2598080365427204,4.4327178969013476e-7,2.119584042612303e-5,6.370928017996105
LGALS1,1.4650320475775267,7.802940617260936,6.258861463612697,4.445043797972821e-7,2.119584042612303e-5,6.368252926348839
MRPL15,1.6398875376876292,4.489110455295398,6.253371938667826,4.51720975218737e-7,2.1459284081177753e-5,6.352738044660132
UQCR10,1.4371609963118404,5.6966614648825145,6.2475432842515035,4.5951257892035937e-7,2.1654038659312167e-5,6.336262758152632
LAMTOR1,1.2452832074145816,6.899873647465946,6.245040718446183,4.6289933786066496e-7,2.1665738750644554e-5,6.329188392791334
NDUFS7,0.8883108739560246,5.734561276565179,6.227851610094738,4.868507835662399e-7,2.2373968618674588e-5,6.280587681541343
SRP14,0.7396468430466595,7.210618265313879,6.2250108898779395,4.909275286234339e-7,2.24059967261624e-5,6.272554164401342
PFDN1,0.9498710531891087,5.345300540455514,6.22124838347278,4.963800914578709e-7,2.24059967261624e-5,6.2619131449561625
ATP6V0E1,1.8831268817270144,7.546076263823118,6.215484808819799,5.048510331982981e-7,2.265237174046378e-5,6.245611210525022
FOPNL,0.8113383086543583,4.972419138466427,6.206550443715441,5.182707671397782e-7,2.298512730909422e-5,6.220337206982162
CKLF,1.7614460454956478,3.9913967522238076,6.199568436371054,5.290074854236874e-7,2.3379550331407846e-5,6.200583055326671
POP7,1.7241201873202068,4.314957220065919,6.192899022973901,5.394725331076434e-7,2.372968527005878e-5,6.181710823686048
H2AFY,0.9149102004759715,8.07047486249729,6.1921431592081655,5.406716369478861e-7,2.372968527005878e-5,6.179571826321492
HN1,1.1661422058032236,5.475265667006542,6.183960649658484,5.538253573230155e-7,2.4223175283741818e-5,6.156414392608191
GPR65,1.4573603113076974,6.028277041790053,6.1805334304815664,5.594300123095999e-7,2.430072012374988e-5,6.14671389920934
PSMA7,1.0797523453663378,7.461470317696536,6.177913518093283,5.637529161949258e-7,2.4369919570163935e-5,6.139298004125719
RSU1,1.1070453871803183,6.367943583140313,6.148701021990086,6.142925696962235e-7,2.5546514603366883e-5,6.056584904152993
CNBP,0.971435025146,8.62415427026494,6.141481047928002,6.274712070105871e-7,2.5847281924979884e-5,6.036135245526889
MESDC2,1.0194531217725653,5.30522822212778,6.14139054631448,6.276381924388052e-7,2.5847281924979884e-5,6.035878894355683
LRPAP1,0.6759411714670108,6.789143271410742,6.132423376317619,6.444072481765863e-7,2.645197908049133e-5,6.010476801680172
GYG1,1.2894018756860077,5.830068517644213,6.119756029646093,6.688668611560344e-7,2.7037393101423797e-5,5.974586035773564
TMBIM6,0.80818675040121,8.913336928244533,6.116511137247817,6.752813696576781e-7,2.7191329818215837e-5,5.965390910433843
ATG3,0.8751959711986407,6.411143923558659,6.114819065399646,6.786507701751791e-7,2.7240526483867e-5,5.960595843285887
RPS19BP1,0.8692644585242632,5.4287383346179725,6.1090414889655245,6.902835563053855e-7,2.753319694395443e-5,5.944222042873205
RWDD1,0.9357781881303371,5.676558423514513,6.103890754402403,7.008232511400981e-7,2.771730245608983e-5,5.929623365267904
PSMA4,1.3061035964189467,7.019975162138112,6.099307256013766,7.103382787070492e-7,2.771730245608983e-5,5.916631327683168
SCAND1,0.8860830316187877,5.94303912210522,6.097960134110728,7.13159439423074e-7,2.771730245608983e-5,5.9128126870341156
EID2,1.1318954049136982,3.910951386792023,6.097909638453873,7.132654069483729e-7,2.771730245608983e-5,5.91266954703187
NSMCE2,1.099726388753146,3.9211743313878125,6.0967540594817935,7.156947768688411e-7,2.771730245608983e-5,5.909393794998261
GADD45GIP1,0.845521737755995,4.311906385830839,6.09527581241486,7.188146269932659e-7,2.771730245608983e-5,5.905203274210743
PYCARD,1.740201684209548,5.84080116445121,6.088893586549743,7.324421345033882e-7,2.8029257730010523e-5,5.887109814736043
TMA7,1.02600111915843,5.650731508947506,6.088330134322992,7.33657644777948e-7,2.8029257730010523e-5,5.885512348877054
APP,0.7535404152275169,6.77249123441231,6.086591908443815,7.374202391466788e-7,2.8088403343352776e-5,5.880584141688924
POLR2L,1.1135280185832201,5.539862941999218,6.078356435862199,7.555123825279087e-7,2.846156011568276e-5,5.8572330673994575
NDUFA9,0.8279168191179271,5.416038868348905,6.077818410099876,7.567097644950457e-7,2.846156011568276e-5,5.85570742572413
APOL1,1.1516757286372372,5.191325054773693,6.075039730501656,7.629241910542525e-7,2.846156011568276e-5,5.84782790794252
RNF113A,1.1115321251237817,4.963616643370194,6.073536020041513,7.663085656837756e-7,2.850398195640179e-5,5.843563679633199
MRPS35,0.9390515745473256,5.123033320705997,6.070249269675029,7.737586536659191e-7,2.8613279192707048e-5,5.834242739345827
PSMB4,1.2939894917851913,8.232092175467942,6.066076139431117,7.833229430848495e-7,2.888275642467509e-5,5.822407393801791
ENSA,0.7619574426661175,6.779814233185834,6.061874214698295,7.930733457945201e-7,2.897885882409314e-5,5.810489588985151
PGAM4,1.5148009411155485,1.44201699710644,6.061021011138841,7.950680282863775e-7,2.897885882409314e-5,5.808069573917889
DEK,0.5806310681996065,7.266893801471272,6.058622052752782,8.007035641101448e-7,2.901749716335165e-5,5.801265025943588
NAA38,1.3538025690309368,4.963086337274944,6.050586733600135,8.198740285803405e-7,2.9627584554168203e-5,5.7784713034848565
PSMD4,0.7263841413559246,6.24771081299809,6.040205796714027,8.453254759418212e-7,3.0288441629508644e-5,5.749019581865003
RPN1,0.6890943669176017,6.966534614264653,6.033744866241367,8.615655753730993e-7,3.061764042633298e-5,5.730686938421702
MRPS30,1.105951933003867,5.174495297586537,6.029444414065366,8.725486329958353e-7,3.0914544304243505e-5,5.718483578804792
LAPTM4A,1.8380602627969682,7.6809091725993435,6.0284464904535575,8.751173156093755e-7,3.091918671640479e-5,5.715651666343845
RNF14,0.7564881125218171,4.564957780819268,6.02623759940411,8.808301289930776e-7,3.10345815448561e-5,5.709383114710546
AIG1,1.2525382826256137,3.4127895514049147,6.012760911777362,9.165058850943054e-7,3.202468497668367e-5,5.671133562261403
SNX6,1.0681487448906932,6.411403670464345,6.007390068636562,9.311252442919757e-7,3.244613351263577e-5,5.655887935106577
FRG1,0.9323360612191345,5.130141768364775,6.004413601390534,9.393278513417432e-7,3.253262213660282e-5,5.647438455153116
REEP5,1.2756923852784743,7.126921738004302,6.003701209238094,9.413018230947049e-7,3.253262213660282e-5,5.645416090609954
RNF181,0.8734752211980547,4.977581743070793,5.9951670977291505,9.652756997715567e-7,3.32465476609286e-5,5.62118755937812
OAZ1,2.1999545067329276,10.889033638642346,5.9944910432155085,9.672008898519908e-7,3.32465476609286e-5,5.619268101201646
COA3,1.693389398172392,4.030778673287188,5.987133216871578,9.884048541655697e-7,3.3701417124290554e-5,5.598376546079683
PDCD10,1.0706672889312092,5.457178111443193,5.982659094344659,1.0015262517445268e-6,3.405726267326428e-5,5.585671840767333
NDUFB10,1.4254455050061996,5.913503243137744,5.975892599387168,1.0217038811628227e-6,3.4650513445639685e-5,5.566456248442664
LSM5,1.0966862603632364,4.554938938276634,5.9682606058829935,1.0449530782421976e-6,3.5202232239524696e-5,5.544780699832904
WAC-AS1,1.3552553894829145,5.572506242563736,5.967606009865998,1.0469717445464117e-6,3.5202232239524696e-5,5.542921485597802
MGAT2,0.7370831279399064,4.782412423055028,5.966925930905744,1.0490731462110008e-6,3.5202232239524696e-5,5.5409898764511745
MBD2,0.7702838721255818,7.423473224829242,5.963516359216,1.0596725660102652e-6,3.5431236922506475e-5,5.5313055046012085
ANXA2,1.1030308462785006,7.522793390880322,5.954103621749089,1.0894960860972297e-6,3.608137951973175e-5,5.5045678101214115
CYSTM1,1.9747385477155073,3.6781368721948944,5.948330291349976,1.108204199419556e-6,3.645513320645179e-5,5.488166560788406
FOLR3,3.1115291522330435,3.186136961578818,5.946748653106702,1.1133854851228754e-6,3.645513320645179e-5,5.483673130479632
MYL12B,1.2298910933651757,8.361969440151428,5.946211007795776,1.1151522929756618e-6,3.645513320645179e-5,5.482145661004408
ASF1A,0.9687373071725927,4.728993483749373,5.9422212194964414,1.1283518245658712e-6,3.660361775650514e-5,5.470810207065597
HOXA1,2.208911316320063,0.6419295102306202,5.936523506281489,1.1474743151139017e-6,3.703451453665326e-5,5.4546213589159525
PSMB2,1.0179650190623701,6.466520727336128,5.933706140321522,1.157049819035582e-6,3.71211156814268e-5,5.446615986827279
SNRPD2,1.0438419281630644,6.766831112482273,5.9326208967415965,1.1607596610592153e-6,3.71211156814268e-5,5.443532259985439
PIK3CG,0.9412630156233395,6.345012845257397,5.9322985174418275,1.1618639960206906e-6,3.71211156814268e-5,5.442616209165058
TMEM70,1.618335201269952,4.895497857339241,5.929130901759575,1.1727711937958218e-6,3.737545181433719e-5,5.433615138817959
LIPA,1.4144238743693685,7.025558308250091,5.923948302144865,1.190838924842026e-6,3.776150230674064e-5,5.418887561418645
CAPZA2,0.9943227059731368,6.508075550601816,5.91801358050525,1.2118723870207073e-6,3.8332641787956734e-5,5.402021528355862
TXN,1.315643071532908,5.660957995723441,5.913536617797708,1.2279859190247173e-6,3.853424506723822e-5,5.389297552601594
UFD1L,1.1374357259524919,5.765971116912546,5.913204574498342,1.2291895494856645e-6,3.853424506723822e-5,5.388353825711466
TMEM126A,1.107982130425809,4.1326143986807935,5.912382346146265,1.2321751638271817e-6,3.853424506723822e-5,5.386016888819034
CD9,1.7613155717865598,3.595150090741672,5.907624580464242,1.249594768740837e-6,3.889505565338906e-5,5.3724939317675275
PRCP,1.0447041047311283,6.3365183928485775,5.906938735911944,1.252126165383993e-6,3.889505565338906e-5,5.370544500267044
BAG1,0.9267697542301072,6.058186207252471,5.905554466466326,1.257251089395263e-6,3.889505565338906e-5,5.366609832326732
STX8,0.9988705268022414,4.725462735382599,5.901488609591149,1.2724260734499404e-6,3.915505666162244e-5,5.3550526204538205
PLA2G16,1.5004010497048703,4.350029701820714,5.898512852002096,1.2836489365790895e-6,3.925663618618674e-5,5.346593681317454
CHMP5,0.963015083267626,5.071674462675039,5.898311012310634,1.284413750967163e-6,3.925663618618674e-5,5.346019918090924
TMEM60,1.6687211141942073,2.774876941686079,5.893339795892663,1.3033958802649248e-6,3.9741041695385356e-5,5.331887990825811
SKP1P2,1.0533616391253304,2.6475888589845415,5.890254581866441,1.3153178910134853e-6,3.98190838525246e-5,5.323117104506366
TCEB2,1.123516473354856,6.470335207893046,5.886370543856576,1.3304825763049182e-6,4.0135696725624115e-5,5.31207483568989
VDAC3,0.7696288310998955,6.3309227164917585,5.885943430708726,1.3321608578908666e-6,4.0135696725624115e-5,5.310860530021284
MRPL33,1.1573746810848864,5.164038325274758,5.880859656776319,1.3523008188781641e-6,4.044535518922956e-5,5.296406655222434
ARF6,1.025419121695598,8.319773075702834,5.87993810432066,1.3559842548833913e-6,4.044535518922956e-5,5.29378646888323
DSTN,1.0828742441316181,5.830976616880368,5.878613531570525,1.3612962113186173e-6,4.044535518922956e-5,5.290020357529256
S100A11,1.6011511403154737,8.296903119921051,5.878545150375337,1.3615710080259398e-6,4.044535518922956e-5,5.289825930222539
EID1,0.8314149619616619,6.959860150787008,5.874556676369445,1.3776958294034771e-6,4.0690170829060694e-5,5.278485312626561
CNIH4,1.4559887234129085,5.146585943805505,5.874128910250012,1.3794365702062519e-6,4.0690170829060694e-5,5.277268996459702
C6orf62,0.8791913097484392,7.808196218321985,5.8718207292547655,1.3888676005179678e-6,4.087331008113667e-5,5.270705787854576
SQRDL,0.9083704628286318,5.906440733042047,5.8688990596325,1.400898182074074e-6,4.090378797886113e-5,5.262397924597064
FUOM,1.5728910038554205,3.7657228342768336,5.866002253473034,1.412929674607185e-6,4.101052629912479e-5,5.254160512484653
SNX3,0.7704221066546981,6.765219958309542,5.864112245610854,1.420835433687355e-6,4.1111115134686744e-5,5.24878591818084
PTRHD1,1.7294056117918375,4.769555620211015,5.8636257450873455,1.4228776051819206e-6,4.1111115134686744e-5,5.247402445196453
C12orf75,1.7866185309969544,5.995327351422939,5.861978930478551,1.4298122936901102e-6,4.1178503641708814e-5,5.242719308700986
MRPL40,0.8621277336473244,4.102895230710494,5.861531340042945,1.4317029411852401e-6,4.1178503641708814e-5,5.241446457786839
AP3S1,1.1996827462805493,5.801010417074814,5.858889574090826,1.442913143250707e-6,4.1407036898171874e-5,5.233933725958526
STOM,1.2760593482184437,6.873108019074008,5.851784424049519,1.4735026370834902e-6,4.19997920197011e-5,5.21372690172802
TMEM256,1.1340502899098754,4.1071565768006355,5.846856393367448,1.4951006016596937e-6,4.242473385112204e-5,5.1997109019599765
MRPS23,1.4402309444222354,4.440870372770537,5.84541078891312,1.5014962929208227e-6,4.243151404879738e-5,5.195599275311295
SNX24,1.2820365402576448,2.5685618993134876,5.842125256379933,1.516134577677568e-6,4.273477996280505e-5,5.1862542625192045
MSMO1,1.019647940551445,3.8346393766087594,5.839364304935567,1.5285463644602831e-6,4.28939869177306e-5,5.178401083555515
METTL9,1.0664197945216691,7.401213886960786,5.838181441809114,1.5338950536885554e-6,4.294906150327955e-5,5.175036515060908
C14orf119,1.3624498805123664,4.252575821912765,5.835143888060102,1.5477165306249884e-6,4.3087543937302856e-5,5.166396241077658
PRDX5,0.9570273717412366,6.197089458581725,5.834856238774925,1.5490318539427707e-6,4.3087543937302856e-5,5.165578014401868
NDUFAF3,0.8258990780763077,4.932598486307172,5.828742525064493,1.5772546716382037e-6,4.342353699877486e-5,5.148186861336061
CCDC25,1.006158995197031,5.131807225088645,5.828656823650822,1.5776539423738593e-6,4.342353699877486e-5,5.14794306694286
MRPL36,1.3493079845545126,3.193336453062883,5.824847859658297,1.5955021837029628e-6,4.380376202681583e-5,5.137107532674813
MRPL46,1.1385280435513725,3.824947114346366,5.824115995076536,1.5989547318208553e-6,4.380376202681583e-5,5.135025520976001
P4HB,0.6781857264492908,8.608122030364918,5.822406579678508,1.607048081755804e-6,4.393059885558323e-5,5.130162514617634
SCP2,1.615552938514067,7.064020039222102,5.818321066196138,1.626558179143926e-6,4.427309859283596e-5,5.118539596933784
RPSAP9,1.5146661997730495,1.4739642147908654,5.814155110739587,1.6466972110817732e-6,4.4580646094857564e-5,5.106687395360185
TIMM8B,1.4127905324759824,3.698147910819614,5.812291020369824,1.6557894324136086e-6,4.4685176937732366e-5,5.101383891980417
CNIH1,1.1146158294811406,5.34003101104888,5.8094275357134455,1.6698544926122227e-6,4.496307107726244e-5,5.093236855605557
CDK2AP1,1.5789097879810026,5.379018306553519,5.807829516706699,1.6777558094293825e-6,4.496307107726244e-5,5.088690168376004
WSB2,0.7116922575540107,5.051220175074779,5.804619224335375,1.69374248981517e-6,4.5133255758016e-5,5.079556049962271
MZT2A,1.5994348329637673,4.496648317082722,5.800724982403557,1.7133404269881491e-6,4.554530454902832e-5,5.068475584360819
CSTA,1.6215520322782426,6.336183944381173,5.8001235801966455,1.7163872259882953e-6,4.554530454902832e-5,5.066764354826455
TMEM147,1.024100161937025,5.592573530702414,5.798683715048314,1.7237039181593175e-6,4.5566494495075235e-5,5.062667328527496
MTRNR2L5,4.598371958875845,1.0371148966671793,5.7945552510804665,1.7448567260427304e-6,4.591652015171368e-5,5.050919830014886
EIF3I,0.8290666710498305,6.6611208242880195,5.785809258466523,1.790532411152622e-6,4.6923787403016234e-5,5.026031907608479
COX7A2L,1.6262335951612386,6.557357677611093,5.775497539572126,1.84592847038751e-6,4.8176454153076495e-5,4.99668629857112
DUSP23,1.7577374950968938,4.662899151658706,5.772344106311453,1.8632100503791851e-6,4.832915394480488e-5,4.987711638329472
MYL12A,1.7901752012741954,9.434889448299174,5.761537591046867,1.9236728590508324e-6,4.924013979168921e-5,4.95695474883645
NDUFA4,2.123988048462449,7.069851591061949,5.759837160543356,1.9333644263469776e-6,4.934163859916512e-5,4.952114861783702
VAMP5,1.4190781182618435,5.018842520543715,5.757642411581912,1.945945785981524e-6,4.9423428024755956e-5,4.945867924205313
PELO,0.9721165258668388,3.044901937463932,5.756916342157689,1.9501260171005216e-6,4.9423428024755956e-5,4.9438012838197345
