X1,TB_status_limma_logFC,TB_status_limma_AveExpr,TB_status_limma_t,TB_status_limma_P.Value,TB_status_limma_padj,TB_status_limma_B
SHISA8,-31.5437358584548,25.3734329457893,-9.96454502531193,1.34023716787651e-11,3.39991364746913e-7,14.5880312008335
DNTTIP1,16.6726527576981,71.9951608074639,9.06303222664923,1.41721127323152e-10,1.17882071950505e-6,12.722170402675
DIRAS1,-31.444163628331,21.6541478341304,-9.00300233190795,1.66444582466726e-10,1.17882071950505e-6,12.5930247481551
LOC100505812,17.9997085920597,64.9869816484872,8.96188330686436,1.85875231710036e-10,1.17882071950505e-6,12.5042106674738
SNAPIN,17.3769696053741,67.5008096813806,8.82395664715011,2.69623095988772e-10,1.36795973980863e-6,12.2042103875016
TNFAIP8L2,27.7020539201536,69.4420152311282,8.34292668757431,1.00536911828268e-9,3.79726431298744e-6,11.132946335002
KIAA0125,-18.7912151820592,68.1457927526791,-8.28330061984719,1.18589654305025e-9,3.79726431298744e-6,10.9974818421802
ADORA2A,-31.1457313168404,21.0998424225448,-8.27979071848607,1.19749741816066e-9,3.79726431298744e-6,10.9894895112443
TNFSF10,28.2481920197581,88.0042323680497,8.11344219884157,1.9027927960932e-9,4.98676271721073e-6,10.6083959229129
VPS45,15.4907346676734,78.624195415492,8.01132164549666,2.53262526715101e-9,4.98676271721073e-6,10.3722263226601
CYP27B1,-29.1561144973541,24.1260991835144,-8.00809973083722,2.55562748572942e-9,4.98676271721073e-6,10.3647479258394
LPAR6,19.7321992687524,79.157683026996,8.00516335040312,2.57677585230854e-9,4.98676271721073e-6,10.3579308386662
SCN3A,-33.6761554817793,34.1300662344115,-7.99208048190566,2.67318142906015e-9,4.98676271721073e-6,10.3275409788476
FAM198B,26.6087008285224,82.1469279440083,7.97490555560668,2.80532321473352e-9,4.98676271721073e-6,10.2876043410823
CYP1B1,32.0437450098594,79.3632211952969,7.95718099087167,2.94865345152006e-9,4.98676271721073e-6,10.2463403945557
MED8,11.6047540360985,69.4752486758504,7.76869064170601,5.02041892811049e-9,7.055865700923e-6,9.80445547384616
KCNE3,23.8350763293979,72.1162471485841,7.76064924829611,5.13616734871766e-9,7.055865700923e-6,9.78548015332698
FTSJ2,15.8271820754737,69.1361386441045,7.75360326126221,5.23981082470344e-9,7.055865700923e-6,9.7688454612266291
GIMAP4,26.0466198749352,90.1472972800596,7.75059747671733,5.28466762525769e-9,7.055865700923e-6,9.76174684150575
BAG6,-25.398295912949,32.5213854264443,-7.70521178778277,6.01133022930636e-9,7.62477126285219e-6,9.6543920072569
IGSF6,21.8942967370503,77.3727802821709,7.62259696658443,7.60461064236593e-9,9.18636965597804e-6,9.45816451460801
DCAF12,14.5679411832134,72.4107044123333,7.56532626537745,8.9547062074834e-9,9.35673513686015e-6,9.32152592732291
GIMAP2,17.3654977990736,81.8349757479777,7.55910652487527,9.11525192368913e-9,9.35673513686015e-6,9.30665687376921
TLR8,22.14886476435,79.2658871677318,7.55846209231781,9.132052081184e-9,9.35673513686015e-6,9.30511594641
FADD,19.4967739769598,68.0337836098759,7.5550699815288,9.22100198760264e-9,9.35673513686015e-6,9.29700391281628
FRAT2,16.1140994869042,73.7854295119975,7.49450802368629,1.09654991457289e-8,1.06989531664943e-5,9.15188396988736
SMIM7,16.6658592084057,75.692614362855,7.47529630843729,1.1586045748668e-8,1.08857336500819e-5,9.10573440856514
COPB2,10.8905197016706,79.5023206099906,7.41226170067728,1.38833360469753e-8,1.23034620667496e-5,8.95393312595891
NPL,23.8090524026773,77.923455836433,7.39769733973334,1.44767410082444e-8,1.23034620667496e-5,8.91877611808697
MSRB1,26.7580756935893,79.7736725621932,7.39594186718058,1.45499787922772e-8,1.23034620667496e-5,8.91453648328962
TNRC18P1,-25.7506405635511,17.8745275640175,-7.35969850031657,1.61487924907993e-8,1.32149215453741e-5,8.82690526408383
ETV1,-20.3081496787812,13.8726057704427,-7.34288092285052,1.69499998377754e-8,1.33711018580917e-5,8.78617824221489
PXMP4,16.348708006573,62.9929637244203,7.33390814971615,1.73938174596747e-8,1.33711018580917e-5,8.76443226748312
S100A12,32.4828429629776,93.2743389397375,7.29726389486382,1.93319181244447e-8,1.42538758518004e-5,8.6755031976627
POLD3,15.455146109103,69.1848430604162,7.29132615964041,1.96659435041396e-8,1.42538758518004e-5,8.66107531547053
CPQ,13.308863236257,73.2886213515999,7.25979443323565,2.15401680543285e-8,1.48483593732272e-5,8.58437363524103
CALML6,-26.3039946673799,18.3009430797613,-7.25792529089919,2.16567840117237e-8,1.48483593732272e-5,8.57982248121533
MATN1,-28.7703375303147,26.7927357882168,-7.22698469240991,2.36827166565713e-8,1.57481546202839e-5,8.50441404273585
EFNB2,-19.0425556976101,17.9834274873527,-7.21152870918091,2.47655362774151e-8,1.57481546202839e-5,8.4666943895692
RNF170,16.6403281665273,72.8731319023674,7.21060899154525,2.48315273104446e-8,1.57481546202839e-5,8.46444880587682
TNFRSF13C,-37.9412075246886,37.0853343197766,-7.18889322151032,2.64424339464771e-8,1.61573720828663e-5,8.41139329956988
RNF149,16.8298470348181,93.0867584750781,7.18489167755258,2.67506160312355e-8,1.61573720828663e-5,8.4016096568722
SPIDR,13.8661242975182,82.309843923459,7.1758210942559,2.74627169348263e-8,1.62017256558761e-5,8.37942415969541
MGST1,27.9608891104667,72.9418374883252,7.13573427429433,3.08467453794658e-8,1.7784550836052e-5,8.28124087500015
TARS,8.58294263954178,70.733935758623,7.10881990089306,3.33526061682296e-8,1.84429738953567e-5,8.21519678118855
CCR2,33.3794063090156,74.1503501720893,7.10488910339955,3.37354337196638e-8,1.84429738953567e-5,8.20554289577997
CPSF3,11.5857368341882,72.1369800903863,7.09853775051051,3.43634177842972e-8,1.84429738953567e-5,8.18993978660169
ITPRIPL2,17.9854219633709,73.4859978239753,7.09323441479575,3.48968285626428e-8,1.84429738953567e-5,8.17690710775628
DMD,-28.9747421159223,30.3357071404069,-7.04531057051587,4.01133422239589e-8,2.07672503170896e-5,8.05896469883709
ARHGAP39,-24.3044075213203,29.5351199011848,-7.03819564182094,4.09523863452633e-8,2.07776027361328e-5,8.04142833563374
RAB10,19.4294103874766,88.0056707512959,7.02270447317656,4.28411120205542e-8,2.13096731321063e-5,8.00322350338542
CRISPLD2,19.2057686510668,70.8393523209143,7.01188827821492,4.42118362761126e-8,2.15685742817774e-5,7.97652936253947
CHN2,13.4877225275118,70.7926572315985,6.99745688444827,4.61100142793888e-8,2.20701668347082e-5,7.94088890589029
TNFSF13B,26.6452408090629,87.7378187766612,6.98563070576161,4.77267988480184e-8,2.24209895032691e-5,7.91166196574268
CREG1,17.8708147553633,84.1884267055572,6.96757154571351,5.03069867647195e-8,2.28461572952791e-5,7.86699560668307
CXorf38,9.90867256250796,78.0215069776517,6.96671357463858,5.04330183118745e-8,2.28461572952791e-5,7.864872496058
OXT,-19.3049215583932,14.7369044012115,-6.95777091130083,5.17657977763295e-8,2.30385045261391e-5,7.84273752816345
CCDC88A,17.7435035401715,91.5493571957197,6.9070612349505,6.00256258119574e-8,2.56292797837276e-5,7.71702465197676
PTK7,-31.8696381400271,32.8615739704076,-6.89733859020038,6.17554146910767e-8,2.56292797837276e-5,7.69288378484189
NRG1,26.8766684146506,59.0553110608079,6.89657893667832,6.18926698623872e-8,2.56292797837276e-5,7.69099709303457
FGL2,24.4441209399704,99.68207779018,6.89578695247384,6.20360947109493e-8,2.56292797837276e-5,7.68903002574725
CHAD,-27.0998920308252,26.5198142084733,-6.8883542200327,6.33985994361635e-8,2.56292797837276e-5,7.67056530560026
MRS2,10.0131886366836,70.9166345770939,6.88700648279349,6.3648873635085e-8,2.56292797837276e-5,7.6672164451517
PANK2,12.2069860230104,76.8784129391452,6.87491064164422,6.59402202416181e-8,2.60514071497283e-5,7.63715035757989
ME2,11.247550045631,80.2388968111128,6.86254661079773,6.83685331495743e-8,2.60514071497283e-5,7.60639851637892
NME6,11.578587470767,58.6550193367001,6.86069128638319,6.87406361609756e-8,2.60514071497283e-5,7.60178228655247
SNORD20,-30.7100085087884,18.426005105273,-6.85329207028215,7.02450778788395e-8,2.60514071497283e-5,7.58336800174451
ECHDC1,17.2071370330131,84.2883362589499,6.84871737895842,7.11918164448477e-8,2.60514071497283e-5,7.57197961727282
PCTP,14.6144809753781,64.8292374453092,6.84629292677347,7.16987739491279e-8,2.60514071497283e-5,7.56594304397054
UNC13C,-18.5102655317537,11.1061593190522,-6.84540295902043,7.18857813182348e-8,2.60514071497283e-5,7.56372695430765
C14orf119,18.8326183924562,70.3148393081181,6.83460493773856,7.41943859839841e-8,2.65093406146719e-5,7.53683114235818
JKAMP,13.6103276840509,75.6503150594765,6.7852825040276,8.57296290038968e-8,2.99590119448797e-5,7.41379435137425
TCTEX1D4,-32.0498563250921,26.8355739089975,-6.78337167930091,8.62112847672746e-8,2.99590119448797e-5,7.40902169366814
ERMAP,12.4685286172558,71.9933214404386,6.76056976094494,9.2174169528792e-8,3.15983017919783e-5,7.35203507454917
ORMDL2,15.0294930278844,67.1354929758985,6.75478272362389,9.37526799483046e-8,3.17109064657145e-5,7.33756204070393
PLBD1,26.0517426705881,97.1053376977712,6.74988059160476,9.51111489306188e-8,3.17471003430518e-5,7.32529893170271
ASGR1,26.1147075275422,73.6017938311914,6.72902213478997,1.01117140014358e-7,3.29627127653407e-5,7.27308731591108
GNG3,-21.8772287368653,21.7977526608696,-6.72823288752416,1.01351765834775e-7,3.29627127653407e-5,7.27111069456102
SDHAF1,14.5942121122414,57.5885624061151,6.72248775334428,1.03076306420728e-7,3.30992372314054e-5,7.25672011293345
NXPH4,-23.5602169189945,25.8023481772642,-6.70595562219513,1.08205862591801e-7,3.41904349232588e-5,7.21528798193459
LIMS1,15.7843179399857,84.6934007579625,6.70293667899869,1.09170026363291e-7,3.41904349232588e-5,7.20771852623771
MANBAL,10.4205082504243,65.282923085764,6.6980263361254,1.10756803026065e-7,3.42643729166491e-5,7.19540442104224
LOC101927018,-26.5264120231156,17.9635928468344,-6.68228610630007,1.1600185651691e-7,3.51986029815823e-5,7.15591205503475
IRF2,13.4776552603097,79.0743078745422,6.67858297283002,1.17271830640276e-7,3.51986029815823e-5,7.14661662723016
UBXN2B,10.5237841444712,73.0320130374412,6.67665320975986,1.17939185329332e-7,3.51986029815823e-5,7.14177199113947
SLIT3,-20.6968357295097,16.2387930180496,-6.65334260808747,1.26309767960604e-7,3.57784331264017e-5,7.0832167743429
TAF12,15.2901416105876,71.7398581735233,6.65313672526154,1.26386308418683e-7,3.57784331264017e-5,7.08269932391195
ARL3,16.7475245045303,65.0584076562941,6.65015402021266,1.27500443692351e-7,3.57784331264017e-5,7.07520226578715
RCBTB2,13.428468643714501,75.2943811870859,6.64925856904583,1.27836853029013e-7,3.57784331264017e-5,7.07295133940285
RNASE2,28.279366869281,77.982355120467,6.64783653512115,1.28372933713733e-7,3.57784331264017e-5,7.06937653307249
TSEN34,19.1067032571397,79.25350825472,6.64465323680849,1.29581213712231e-7,3.57784331264017e-5,7.06137329170728
GNPDA1,16.3121778061519,70.3785607731346,6.64229556669086,1.30483500536444e-7,3.57784331264017e-5,7.05544503618599
YIPF1,13.6095002421191,71.0960122814342,6.64052563147308,1.31165022104831e-7,3.57784331264017e-5,7.05099419199624
RHBDF1,-23.4818702928681,19.2410772687325,-6.63361979997119,1.33858658341653e-7,3.61247494128836e-5,7.03362469164192
IDH1,22.2235079348846,78.1125879586367,6.61862051872971,1.3990297264814e-7,3.73585116856633e-5,6.99587973631995
CYFIP1,18.6559073882244,82.1524357687051,6.60934700237872,1.43776923764075e-7,3.79930521046569e-5,6.97253052369764
CSTA,26.8123156867165,90.3673068164287,6.59681914183446,1.49182755857205e-7,3.86306135837616e-5,6.94097187837
CPSF2,7.71962584785915,71.7961710532451,6.59669971803337,1.49235262188924e-7,3.86306135837616e-5,6.94067095507864
F13A1,22.3795877757325,91.1109418853262,6.59140902451742,1.51580187135451e-7,3.88412746187082e-5,6.92733788455175
ASCL2,18.8344187842091,66.0670620023816,6.57975298619594,1.56878300532753e-7,3.97968872791488e-5,6.89795238982849
GNPAT,12.1327650532372,80.8755133831324,6.57005452744663,1.6142870389735e-7,4.05176120670296e-5,6.87349044125212
LIPJ,-13.5291544506854,8.62942907865246,-6.56694892899336,1.62913766589287e-7,4.05176120670296e-5,6.86565512036408
NSF,8.95733396034306,73.3888514167165,6.55724745875592,1.67642223692059e-7,4.1129728055957e-5,6.84117171915034
CREB5,22.3263222004172,79.9467757690186,6.55528057757575,1.68617617384876e-7,4.1129728055957e-5,6.83620666694733
PCMT1,13.8287509071356,79.0085233556141,6.54966548434046,1.71433791343619e-7,4.12709096244208e-5,6.82202997512369
FZD2,27.854258897256,55.2225806710434,6.54766172470495,1.72450190010588e-7,4.12709096244208e-5,6.81697014415907
SNX27,12.323235623048,83.6305737632886,6.54205457232809,1.75326799001457e-7,4.156719847728e-5,6.80280878439534
MNDA,24.8573297164341,95.4554983633489,6.52549283828447,1.84108999349095e-7,4.32451582915542e-5,6.76096048308777
PRKCDBP,32.8820260496224,41.7452887666705,6.51941649114744,1.8744117414466e-7,4.32943729088864e-5,6.74559920489034
ZNF277,14.0331495884961,75.2565790901299,6.51889164524463,1.87731828286719e-7,4.32943729088864e-5,6.74427218215285
NUP43,15.8230234311544,73.858635562033,6.51248227475603,1.91318135755142e-7,4.37239501606886e-5,6.72806428515139
GSR,13.4009845821331,81.3722151943163,6.49466816931572,2.0165278928677e-7,4.56743567734534e-5,6.68299294929592
MRPS11,11.802498719334,65.7968580252923,6.49067840857594,2.04043485436621e-7,4.58068596332408e-5,6.67289379958297
PLA2G7,21.7169843607543,66.3668001001268,6.48432347721165,2.07910538713553e-7,4.58221322643981e-5,6.65680424794856
WIBG,18.7894456857622,69.9406967931296,6.48359003242903,2.083615768209e-7,4.58221322643981e-5,6.65494701859349
HPSE,14.9680757751214,73.3770494663101,6.47971338866089,2.10761983446799e-7,4.58221322643981e-5,6.64512962455504
PREP,8.87845954925991,75.2611421827198,6.47879182230972,2.11336702733151e-7,4.58221322643981e-5,6.64279557096206
SNCA,24.1207246153639,69.3777903356549,6.47426741555822,2.14181265303462e-7,4.60453418493069e-5,6.63133528168706
RAD50,16.4744725848712,82.9465857663487,6.46465512379952,2.20353384861784e-7,4.69741568670063e-5,6.60698020053511
PRDX3,19.921809076408,85.2888782207201,6.46139498276017,2.22487195368474e-7,4.70337931008953e-5,6.59871761793268
MPP1,15.926022821302,83.0625779899375,6.4560476418489,2.26032288296253e-7,4.73883230537136e-5,6.58516275542615
SYNPO,-23.4163122531289,41.321377618459,-6.45195017536486,2.28787231685946e-7,4.75727417492547e-5,6.574774136197
COMMD4,10.4154226987029,72.3550231457586,6.44805645890315,2.31436529795763e-7,4.77323730720238e-5,6.56490046596312
IGFBP7,19.0514888271147,70.9994222826757,6.44365596875168,2.34467866042558e-7,4.79675873045776e-5,6.55373980880099
ZNF229,-22.373325667335,20.8707450864271,-6.43076332569257,2.43581414990775e-7,4.94333866838878e-5,6.52102945933433
GCA,21.7577374796706,86.4199326606432,6.42579736201628,2.47186225945248e-7,4.94411296951659e-5,6.50842554028208
CEBPD,23.5331735041881,94.6748966337136,6.42534469223979,2.47517481523418e-7,4.94411296951659e-5,6.50727650971171
HNMT,17.3263363954826,69.2684195042371,6.4165388292031,2.54051166182516e-7,5.03497654977974e-5,6.48492000926445
TCTE1,-22.2922189309307,15.3229781308221,-6.4099599923093,2.59045615566946e-7,5.09416215170719e-5,6.46821231515759
MS4A4A,25.7362403109168,61.544523414237,6.40421091514978,2.63491059064781e-7,5.1351997880374e-5,6.45360825411687
NDUFAF3,13.4072097306373,74.7447537897338,6.40006136530635,2.66747352274866e-7,5.1351997880374e-5,6.44306528354683
XXYLT1,13.5873601088791,67.942289293562,6.39948190703501,2.67205286983971e-7,5.1351997880374e-5,6.44159288488994
PBRM1,12.4266732642017,85.8650723186504,6.39636088221295,2.69685425535257e-7,5.14389464284091e-5,6.43366179841401
ADRA2B,-35.0167488755049,35.3809370805863,-6.39233108783246,2.72922051395489e-7,5.16678104462744e-5,6.42341989907523
GEM,-24.9225816748374,20.6166243492726,-6.38817176499072,2.76303749305802e-7,5.17670499011434e-5,6.41284706890574
AP3M1,12.656901539334,79.561882029422,6.38667917758232,2.77527545985316e-7,5.17670499011434e-5,6.40905254488405
ARHGAP18,12.7133831367977,64.9625968013492,6.36803248022719,2.93284389205647e-7,5.43068495282398e-5,6.36162912826564
CCR1,31.9136498664116,88.7210152473016,6.36267638819595,2.97974791150965e-7,5.44275020045458e-5,6.34800074162694
PIGM,19.2224427522433,65.8372092491572,6.36170341897278,2.9883490580326e-7,5.44275020045458e-5,6.34552474862164
LAMP3,-25.0531657788007,30.5125522552233,-6.35682720279046,3.03183340046005e-7,5.44275020045458e-5,6.33311442946326
PLIN3,17.1908000345093,83.6788327167984,6.35635963299987,3.03603635169342e-7,5.44275020045458e-5,6.33192430666631
NIT1,14.2718862801356,75.4504299930553,6.35518337231633,3.04663563727748e-7,5.44275020045458e-5,6.32893023055458
GLRX,26.6382299929396,90.1106711165759,6.35153819925983,3.07971953076864e-7,5.46337937458314e-5,6.31965086674913
CRLS1,19.4856118645771,80.9616720061408,6.34628153540741,3.12806750034027e-7,5.51061224643277e-5,6.30626688272623
CORO2B,-27.7517231057289,30.4362398391907,-6.34272096310699,3.16124916801325e-7,5.52472305364982e-5,6.29719976519633
CX3CR1,27.1725782140952,87.7160200079159,6.34076433157599,3.17963405011382e-7,5.52472305364982e-5,6.29221660530032
IMPA2,26.1739233731899,78.4699298144015,6.33643115360508,3.22073353207032e-7,5.55806586677278e-5,6.28117950437776
APOL1,17.4116834246911,78.123352726472,6.33147439832001,3.26840386009101e-7,5.59968233215352e-5,6.26855182274242
ARL5B,-27.8199008955237,50.0269277573354,-6.32935563547885,3.28899663943107e-7,5.59968233215352e-5,6.26315339256692
EIF2S1,13.7528944784547,78.9771197123365,6.31352389960821,3.4470612279413e-7,5.80242204846339e-5,6.22280162353901
PSMB5,18.4560751512751,71.6820605754466,6.31286308068011,3.45382264789487e-7,5.80242204846339e-5,6.22111680654853
GLT1D1,17.4978597182635,73.3068894728841,6.3011726093252,3.57566995743397e-7,5.90300259843327e-5,6.19130394645663
TMEM60,17.5538536572859,56.1514755805551,6.29957257704763,3.59268005853908e-7,5.90300259843327e-5,6.18722254728652
ZNF576,14.4951389396894,53.2060147034201,6.29566423414664,3.63457330766875e-7,5.90300259843327e-5,6.17725202602188
AAGAB,8.96252489624179,75.6738133505457,6.29525607406669,3.63897660500396e-7,5.90300259843327e-5,6.17621069010666
SLC35F6,15.6025720177153,74.050066987808,6.29343739166176,3.65866220400366e-7,5.90300259843327e-5,6.17157050531159
PRKAG1,8.72503743029898,74.9649848747972,6.29218659776099,3.6722630953226e-7,5.90300259843327e-5,6.16837904769206
N4BP2L1,12.0150044401594,79.5931917079983,6.2908870893481,3.68644760332246e-7,5.90300259843327e-5,6.16506313488517
CNIH4,19.6805414492147,78.2753032198023,6.28882748674218,3.70904180609931e-7,5.90300259843327e-5,6.15980738550202
RAB27A,18.1236757543135,91.928411622903,6.28755078472145,3.72311737523385e-7,5.90300259843327e-5,6.15654926040433
NQO2,18.7845300253474,77.01778355108,6.28471284598535,3.75459837092455e-7,5.91594108531763e-5,6.14930632739122
COA3,17.9736227235349,67.4570597068273,6.26837272669737,3.94114130577406e-7,6.17153534844915e-5,6.10758857806015
MIR221,-23.7426770680791,16.3417717373894,-6.26546438398823,3.97530859694445e-7,6.18684837345319e-5,6.100160693318
HRH2,22.3562326481541,69.6755986375573,6.26002114457755,4.04005901293352e-7,6.24124133925358e-5,6.08625657668079
GLIPR1,16.8775175940238,93.2305651130224,6.25840695525496,4.05946397420703e-7,6.24124133925358e-5,6.08213278800835
LMO2,22.7107636807232,86.768032681969,6.25245928235576,4.13177685343323e-7,6.31415151915025e-5,6.06693610577196
IL10RB,17.761455274945,86.6253299353765,6.24965401997511,4.16633221276185e-7,6.32883326786482e-5,6.0597673430385
DNASE2,12.6291458655734,74.343950331152,6.24607028041146,4.21090027336166e-7,6.35845941277611e-5,6.05060814644526
DOK1,17.0075684097384,71.302306514801,6.23709932516752,4.32457964200149e-7,6.40531642815712e-5,6.02767530124001
VPS35,21.6575024438802,87.563686777405,6.23680616341564,4.32834622539243e-7,6.40531642815712e-5,6.02692575424991
SEPHS2,17.3801134122031,79.9811010247523,6.23615183802694,4.33676499901748e-7,6.40531642815712e-5,6.02525276671556
MYOF,18.830967034444,79.4354447218629,6.23321694997813,4.37472940623899e-7,6.40531642815712e-5,6.01774832497446
EVI2A,18.8887500014145,90.4764525930997,6.23248440791762,4.38425727641148e-7,6.40531642815712e-5,6.01587510874994
NFE2,28.1373158889309,75.3656614135054,6.23178076235138,4.39342895971042e-7,6.40531642815712e-5,6.01407573886896
CD36,28.21975489872,98.8097230360176,6.22089799587653,4.53776386331888e-7,6.56571186515632e-5,5.98624046845578
SPTBN5,-31.8728696895313,45.0261339787516,-6.21960633491507,4.55520848418287e-7,6.56571186515632e-5,5.98293602331552
TMC2,-18.3173998196075,10.9904398917645,-6.21715029875004,4.58856497984308e-7,6.57642465585645e-5,5.97665235053981
MRPL16,12.6000842996969,75.4868804869938,6.21496648580307,4.61843062128519e-7,6.58204202251475e-5,5.97106469236727
LDLRAD2,-23.761728237689,24.2561067659345,-6.20542831381245,4.75118310717413e-7,6.71191519441512e-5,5.94665461651125
LEPROT,21.3582564706215,91.9446662614071,6.20462938737858,4.7624753035112e-7,6.71191519441512e-5,5.94460963440971
PYCARD,31.0932086276752,87.8698258150696,6.20008096378875,4.82727998092985e-7,6.74366184445777e-5,5.93296611694603
ATP6V1A,20.3147054713123,88.2974115642133,6.19932280167235,4.83816798995315e-7,6.74366184445777e-5,5.9310251167654
STX6,9.23196582739531,74.0595187846925,6.1896557834461,4.97918148094108e-7,6.90228829554717e-5,5.90627172586446
ATG3,19.4836139917607,89.8096457190206,6.18163300483618,5.09934452984215e-7,7.0304441322302e-5,5.88572229507605
SNORD50A,35.3674455815062,61.0332289378389,6.17518398576871,5.19804761194616e-7,7.10655932728174e-5,5.86919976275887
FLI1,9.44711366585099,87.7994911898824,6.17437394932649,5.2105803960675e-7,7.10655932728174e-5,5.86712417340234
DPYD,13.9650036357834,85.1521300807205,6.17196706453868,5.24799900344085e-7,7.11931757857152e-5,5.86095657601078
UNC50,19.3397671318234,81.3038451216324,6.16822114702762,5.306773167902e-7,7.13143868087315e-5,5.85135672644626
PPBP,30.7486250649319,93.9555821018179,6.1678167331991,5.31315795760417e-7,7.13143868087315e-5,5.85032024184548
KCNIP2,-25.4116527217588,33.8448358581631,-6.16111512922395,5.42009306634295e-7,7.22348420747246e-5,5.83314242689453
FAM105A,13.0555703973251,84.1719425628169,6.15996358820538,5.43868449868826e-7,7.22348420747246e-5,5.83019035968377
LPCAT3,7.93355686753424,74.9879738628778,6.15516831019288,5.51679547575122e-7,7.28727494448909e-5,5.81789605031241
NSL1,11.6106811148283,77.0414469631299,6.15350414699198,5.54416613168715e-7,7.28727494448909e-5,5.81362894433907
TMEM33,12.492459914515,82.5010600944267,6.15119181606072,5.58242409156274e-7,7.29973888426617e-5,5.80769946624343
SKP2,13.4794523257469,70.5301351397783,6.1454845135796,5.67799259031664e-7,7.38663159134116e-5,5.79306234635347
GIMAP7,34.5335147971688,98.2604473848076,6.14327818370212,5.71537685209562e-7,7.39733061142662e-5,5.78740317937522
BAIAP3,-33.3603741693131,47.2818914834339,-6.13726950765742,5.81844799874696e-7,7.4586473822239e-5,5.77198901009832
AGPAT9,17.7260434317422,72.5591121799859,6.13709002172648,5.82155543078025e-7,7.4586473822239e-5,5.77152852425169
GIMAP6,16.8541472205666,85.6264776008196,6.13018665479686,5.94234789717461e-7,7.5751498218857e-5,5.75381529991761
RNF20,9.88698116161506,74.8881271873909,6.12668377645227,6.00460039106394e-7,7.6162351360255e-5,5.74482578799069
PGF,-19.8719879728279,12.6706022812168,-6.11389234786261,6.2375481820396e-7,7.87234439213834e-5,5.71199012286384
EDARADD,14.119158251127,70.4506677110878,6.11167675292563,6.27881034095306e-7,7.88519112521274e-5,5.70630129075552
PHF1,-33.9399802223349,38.4725593444786,-6.10663913211458,6.37365260577597e-7,7.9625787047888e-5,5.69336501836142
FAM200B,20.5563025093664,78.7338457796246,6.10508461212902,6.40320898682165e-7,7.9625787047888e-5,5.68937269096936
SLC35A1,17.7028502243102,82.3066639111481,6.10089173602055,6.48361768299123e-7,7.97234065101499e-5,5.67860352709018
RMDN1,9.48990506543043,74.8460015875968,6.10051451706254,6.49090135734892e-7,7.97234065101499e-5,5.67763459060967
DLX2,-16.2868297715106,9.77209786290636,-6.09855035517355,6.52896023131665e-7,7.97234065101499e-5,5.67258919346182
VPS41,16.882156393675,82.1253145561376,6.09814892202187,6.53676622284421e-7,7.97234065101499e-5,5.67155798196095
SUCLG1,15.5716001102723,81.6905584753284,6.09598854564651,6.57893677255176e-7,7.98538124622455e-5,5.66600812606082
MLX,9.70582401346271,77.9877995018221,6.09253517503247,6.64691521644501e-7,8.0061254197891e-5,5.65713586410851
PRKAR1A,16.088429775688,95.4137150690538,6.09191754814088,6.65914720740894e-7,8.0061254197891e-5,5.65554897892707
MGST3,21.2509888295482,78.713250733596,6.08866558648925,6.72392587539483e-7,8.04587507580264e-5,5.64719311396541
WAC-AS1,20.5484936416539,82.4926612976668,6.08559943217781,6.78558327962645e-7,8.08153411443961e-5,5.63931388918604
NLRC4,21.5878400733125,66.1887674472147,6.06858165463587,7.1382695512816e-7,8.42898235228823e-5,5.59556877340383
ASAH1,16.9067159578401,97.5904007630653,6.06644794166028,7.18377039449619e-7,8.42898235228823e-5,5.59008230743344
KCTD12,22.7375733022613,87.9058823561064,6.06319975638956,7.25359722802761e-7,8.42898235228823e-5,5.58172947533192
KRTAP5-9,-18.0736769852725,13.4296221915376,-6.06275255360164,7.26326409321043e-7,8.42898235228823e-5,5.58057941051418
OSBPL11,9.55477512656799,74.4178442376092,6.06235310366687,7.27190966401103e-7,8.42898235228823e-5,5.57955213755186
VMP1,24.0121964019921,92.6110920417185,6.06213309532966,7.276675871772e-7,8.42898235228823e-5,5.57898633252484
CATSPER1,13.685228598309,56.6635395610822,6.05682978845491,7.39252007469236e-7,8.52424769339981e-5,5.56534642445919
ASPHD2,14.3411057708687,65.7848918782124,6.05412309599376,7.45235685988254e-7,8.53898596850025e-5,5.55838405370492
ANAPC13,16.7764783382163,76.7531928368363,6.05321133422053,7.47262253629397e-7,8.53898596850025e-5,5.5560386169114
ORAI3,18.5969864189853,71.2587262200899,6.04969909615819,7.55120768804306e-7,8.58743588546909e-5,5.54700304342166
HSBP1,15.0041133602291,82.0783912705523,6.04716633608415,7.60839215536041e-7,8.58743588546909e-5,5.54048667030782
TLR1,13.510811221834,70.5986554146687,6.04465527086256,7.66551632142436e-7,8.58743588546909e-5,5.53402561791411
PWWP2A,9.1946019157678,75.4247308826999,6.04289307364213,7.70586162714635e-7,8.58743588546909e-5,5.52949113261905
CCDC96,-21.5699137493328,33.1492055663103,-6.04272779299805,7.70965663475509e-7,8.58743588546909e-5,5.52906582007564
TMEM165,11.2371920068944,79.0650254265082,6.04198884391059,7.72664661647197e-7,8.58743588546909e-5,5.52716427480775
FIG4,12.1067555369917,76.3913334429064,6.03994891937047,7.77374424876024e-7,8.58743588546909e-5,5.5219146949963
GIMAP1,26.8614247892985,90.6455839054048,6.03760768078276,7.82815418418337e-7,8.58743588546909e-5,5.51588930864174
SRD5A1,11.4695354813175,64.6896886547485,6.03717500279547,7.83825134531366e-7,8.58743588546909e-5,5.51477572658698
SNORD76,-25.1552982709598,17.8966925805875,-6.03603033959654,7.86502684181213e-7,8.58743588546909e-5,5.51182964019991
EXOSC1,19.1288737381927,79.0477104458118,6.03507739153443,7.88738789543637e-7,8.58743588546909e-5,5.50937690468675
MEGF9,17.4717065440679,86.233682291957,6.03272960459392,7.94275192629266e-7,8.61075772932446e-5,5.50333377734498
LHX3,-22.8695729513816,18.2053166400448,-6.02610410550767,8.10110480008907e-7,8.73866829835021e-5,5.48627766202986
SNX5,9.27360511353542,80.5565564204746,6.02492425785675,8.12963465157146e-7,8.73866829835021e-5,5.48324000920042
MTIF2,14.228930298628,80.1479284081037,6.01967495720892,8.25779628261274e-7,8.82858665354032e-5,5.46972379033605
MEF2BNB,15.1122337652826,66.0589379597242,6.01850463597111,8.28664523495061e-7,8.82858665354032e-5,5.46671008873003
TPM1,20.2049985666013,75.4629712178099,6.0172497025476,8.31769240853097e-7,8.82858665354032e-5,5.46347838568218
RBMX2,9.97257495026373,68.9920555111728,6.01505989339828,8.37214859661237e-7,8.83699350231775e-5,5.45783890454907
NIFK-AS1,14.9744780389132,55.7510685260486,6.01413392563291,8.39528316800133e-7,8.83699350231775e-5,5.4554541223089
QDPR,16.0464515894452,68.6546180711519,6.01130677703469,8.46631531412746e-7,8.8749374747432e-5,5.44817254419073
FADS1,17.8152451654629,73.3707365187578,6.00456371555077,8.63818145432855e-7,9.01783486145707e-5,5.43080273617661
TXNDC17,20.7055901793358,71.6517731039935,6.0011989153093,8.72524922320132e-7,9.07139845467915e-5,5.42213388897563
MESDC2,15.9488869653733,78.9397995968877,5.99679206452736,8.84061573442098e-7,9.11930469793306e-5,5.4107790888642
EIF4E3,13.1397381981843,83.7575607351174,5.99548982474828,8.87499928772428e-7,9.11930469793306e-5,5.40742342809549
NIPAL4,-25.9268108100949,28.4974711220631,-5.99444652693552,8.90264277043642e-7,9.11930469793306e-5,5.40473492758618
CYB5B,19.5984861105373,83.8814355999342,5.99397669805819,8.91511969838931e-7,9.11930469793306e-5,5.40352418720408
COA4,17.4183125543276,74.6155040223942,5.98595745262095,9.13080991866819e-7,9.25162221797476e-5,5.3828562125712
NHLRC3,10.2516554459715,76.1519130208615,5.98455715165045,9.16900714262201e-7,9.25162221797476e-5,5.37924673365902
NFATC4,-21.8685920863028,14.6450245447095,-5.98270019917722,9.21990845670544e-7,9.25162221797476e-5,5.3744599463948
TPH2,-16.1059379230052,9.6635627538031,-5.9819715095885,9.23996015880077e-7,9.25162221797476e-5,5.37258148648728
BLVRA,16.472702138261,77.6123105030292,5.97865309516905,9.33182981260629e-7,9.25162221797476e-5,5.36402658483201
MSRB2,20.4869072857603,66.3418004627634,5.97847219472179,9.33686428873443e-7,9.25162221797476e-5,5.36356019867392
CEBPB,20.5811819413293,92.8441000929723,5.97803642488246,9.34900300471911e-7,9.25162221797476e-5,5.36243671443656
TTC1,18.3834284091733,78.8614474921396,5.97728151259648,9.37006920589e-7,9.25162221797476e-5,5.36049039711133
MTIF3,14.619717567738,77.3415414764267,5.97718730443955,9.37270147437525e-7,9.25162221797476e-5,5.36024750640689
FAM111B,-26.0479008500355,29.4944758704406,-5.97303307729989,9.48951597226547e-7,9.32728678099332e-5,5.34953629093249
TRNAU1AP,19.1998984232419,79.9604106964004,5.97185556326197,9.5228921329126e-7,9.32728678099332e-5,5.34649997233883
SNAPC3,11.9813151320943,64.4095873359305,5.96741685906896,9.64976852167786e-7,9.41520491761246e-5,5.33505349632766
P2RY13,23.0190300164619,71.4643031979274,5.96477767901312,9.72601034231634e-7,9.45323487984218e-5,5.32824693467002
C17orf107,-26.5564729794301,26.7649925939952,-5.96037030199519,9.8546834727703e-7,9.54174085256629e-5,5.3168789950725
CD300C,19.6001692816301,72.8416837007789,5.95339510029515,1.00618262715828e-6,9.70526269420197e-5,5.29888502090228
DPAGT1,12.192241770623,72.9485497515175,5.95204675943361,1.01023693773568e-6,9.70745857442376e-5,5.29540629615546
RNF13,14.7336755489513,85.4598742607138,5.94957594177833,1.01770902449853e-6,9.73531333430856e-5,5.28903124111613
RUFY1,13.14641006612,85.3253281335713,5.94794954268748,1.02265773192149e-6,9.73531333430856e-5,5.28483466743498
MITD1,12.2175596660006,76.0319341192184,5.94729745709793,1.02464863617959e-6,9.73531333430856e-5,5.283152047904
GYLTL1B,-23.26246141632,46.3471892575102,-5.94159796679593,1.04221641466061e-6,9.86527836086211e-5,5.26844399711468
NDUFB5,17.7802297086596,80.710788846928,5.93807020920623,1.05324134932338e-6,9.9325749255151e-5,5.25933915301259
DYNLL1,21.4799250071979,86.2672415800961,5.9364031419553704,1.05849192167662e-6,9.94511965521942e-5,5.2550362896624
CNTLN,13.9161912416804,61.2597929320994,5.93276825362065,1.07003160242745e-6,9.99311509725611e-5,5.24565361431609
CCBL2,10.7412387998472,73.4754991280655,5.93168516386616,1.07349444713316e-6,9.99311509725611e-5,5.24285767499376
KIAA0513,14.0168544020847,85.7779083967998,5.93018206096708,1.07831880043302e-6,9.99311509725611e-5,5.23897735856188
TMEM218,20.5632367057955,73.5216571024996,5.92985939076458,1.07935727556298e-6,9.99311509725611e-5,5.23814435287653
BRI3,29.3041686709056,96.6250504826117,5.9164811282032,1.12330891246499e-6,1.03622183605134e-4,5.20360068540924
SPIRE2,-24.0490945746377,30.1843736752782,-5.91062369950467,1.14311356320224e-6,1.04601806801364e-4,5.18847250587094
NDUFS8,14.8875606823731,78.2762309173367,5.91027432774347,1.14430584406596e-6,1.04601806801364e-4,5.18757009779085
BST1,27.7160660444606,84.5979953623721,5.90969121595564,1.14629857658385e-6,1.04601806801364e-4,5.18606393359814
MS4A6A,27.9762821963728,99.8853918603155,5.90515499823281,1.16192010003075e-6,1.05114167408994e-4,5.17434620216962
ZNF226,13.5856719392977,69.197423933071,5.9049721647763,1.16255418954556e-6,1.05114167408994e-4,5.173873886741
ACAA2,12.4608088873366,73.474666917288,5.90445660221392,1.1643440965755e-6,1.05114167408994e-4,5.17254201686527
MAP3K5,13.017404433257,85.269086667402,5.89771516804113,1.18800481448286e-6,1.06869879907097e-4,5.15512500107841
ARHGEF3,12.7171076457679,88.9403372389912,5.89435313848604,1.19998440270675e-6,1.07566093031324e-4,5.14643780063067
NDUFB6,11.8270139575818,64.838874467182393,5.89150270330732,1.21023598786864e-6,1.0810305119807e-4,5.13907192694303
TRPS1,13.9384231042437,77.6531024520623,5.88963553905703,1.21699883435935e-6,1.08325706772028e-4,5.13424665331027
CLU,24.1023392031418,79.704780271504,5.88791126506893,1.22327780944303e-6,1.08503886258569e-4,5.12979044291978
DAPP1,13.6780763825414,83.7237814494193,5.88189501639723,1.24544177425118e-6,1.09085703731975e-4,5.11424052518076
TMEM167A,10.2955403351095,87.2196983289246,5.88137547842282,1.24737455904031e-6,1.09085703731975e-4,5.11289758794134
COL19A1,-28.7409558982868,40.6472149443061,-5.88013816620752,1.25198973463885e-6,1.09085703731975e-4,5.1096992275848
HEBP1,23.8080239454728,77.3032317580087,5.87835182142704,1.25868304318901e-6,1.09085703731975e-4,5.10508148199856
FAM210B,13.4440671141548,75.8836771754736,5.87833789134563,1.25873537906095e-6,1.09085703731975e-4,5.10504547157282
SUSD2,-27.3115413452904,27.5985027989906,-5.87704840599605,1.26358949493333e-6,1.09085703731975e-4,5.10171198921657
UBA3,9.19167079086879,84.7395620394607,5.8766845459161,1.26496259790461e-6,1.09085703731975e-4,5.10077134536996
ACOT13,10.2067694070868,62.9672410971294,5.8761358915246,1.26703589251342e-6,1.09085703731975e-4,5.0993529586269
FAHD1,12.9972539814866,61.0769435926486,5.87499199377252,1.27136950672203e-6,1.09085703731975e-4,5.09639567983919
SLC46A2,20.7621546860313,64.211229296966,5.87460511414889,1.272838548749e-6,1.09085703731975e-4,5.0953954742345
DIAPH2,18.9799335176801,78.612844579114,5.87204030443308,1.28262069466051e-6,1.09472810739285e-4,5.0887643879368
NOP10,19.0868403129768,80.4930767828244,5.87034921672467,1.28911170454545e-6,1.09472810739285e-4,5.0843919985238
PRAP1,-23.4794482757497,17.4633752988957,-5.87004014873191,1.2903015772251e-6,1.09472810739285e-4,5.08359286821705
STAT1,19.5659898704496,96.3480253440062,5.86331206207729,1.31647869945563e-6,1.11034338147606e-4,5.0661951119345
GYG1,23.207158115731,85.7700817727321,5.86306235876732,1.31746041400305e-6,1.11034338147606e-4,5.06554936311479
TIMMDC1,14.8107583494586,76.4415888205472,5.86170981928511,1.32279073266395e-6,1.11114421543772e-4,5.06205153963478
USO1,14.7773331287572,87.8947087832474,5.85981241970767,1.33030481391514e-6,1.11376806994717e-4,5.05714444780523
SNORD69,-17.105880502399,13.8803595839341,-5.85807031020248,1.33724161727694e-6,1.11589293904873e-4,5.05263876791546
NAGPA,11.6248761329255,79.9748013413075,5.8543052886131,1.35235754337287e-6,1.1233402222666e-4,5.04290049903723
LY96,20.2507584583222,70.7486048593129,5.85364589033641,1.35502250084192e-6,1.1233402222666e-4,5.04119486576286
BAZ2B,21.4047905393437,89.3901372652948,5.8515686183393,1.36345228131779e-6,1.12367022852777e-4,5.03582150808114
CPPED1,25.0129544560964,95.922073620115,5.85136546256122,1.3642795269101e-6,1.12367022852777e-4,5.03529598274769
POU2AF1,-16.1193567780213,65.7513719129801,-5.84610434272601,1.38587892595255e-6,1.13776623280143e-4,5.02168556193792
PYCR1,-20.2575447269979,26.1725304842743,-5.84358401124169,1.39634727932622e-6,1.14031373231484e-4,5.01516489518654
SNUPN,12.5773550426098,65.6839172816123,5.8431945159743,1.39797213319897e-6,1.14031373231484e-4,5.01415714753506
FNDC5,-20.8915050560812,21.1855381970224,-5.8336415905928,1.43842314823337e-6,1.16954866744821e-4,4.98943775040313
MRPS6,19.3470683008298,81.272685057863,5.83249216463849,1.44336875755438e-6,1.16982040388625e-4,4.9864630854903496
SPTSSA,13.6650425852402,73.0196267471432,5.8313946447145,1.44810694812957e-6,1.16992283631054e-4,4.98362267526757
ACO1,9.68551828565963,60.3979597188902,5.82946924792844,1.45645695331751e-6,1.1729333330717e-4,4.9786395193489
MRPL17,11.5547936358582,63.5666490475681,5.82788708628193,1.46335455859611e-6,1.17475881147045e-4,4.97454452671478
ACSL4,9.26770080268846,81.1677060027321,5.82005091867114,1.49800318961324e-6,1.19270139080864e-4,4.95426050005221
IDE,6.32178845578458,71.5741844315354,5.81998278097673,1.49830804964346e-6,1.19270139080864e-4,4.95408410835115
SLC31A2,12.5980783551709,75.0858039826045,5.8196473409307,1.49980977478696e-6,1.19270139080864e-4,4.95321573263337
NUPL2,10.75723538539,67.7159442444392,5.81852491225456,1.50484573888604e-6,1.19296645950191e-4,4.9503099782147
NMI,18.6858332394544,83.3622667329287,5.80702596283279,1.55742467026796e-6,1.22782569240938e-4,4.92053702482871
MGST2,23.3407222559086,73.9351923670698,5.80619961078373,1.56127336306221e-6,1.22782569240938e-4,4.91839713915529
TCEAL8,11.4747956129601,61.7371248093461,5.80575705749237,1.56333845257107e-6,1.22782569240938e-4,4.91725110555149
MRPL14,11.3097496635792,66.6060245072058,5.80445479056249,1.56943113192794e-6,1.22880644922061e-4,4.91387869483282
LOC644936,19.5121229368956,71.9535727766579,5.79433955420175,1.61757335676799e-6,1.26034151009733e-4,4.8876804073071
MR1,15.0830589139064,81.6348334718906,5.79391125260536,1.61964416702827e-6,1.26034151009733e-4,4.88657098125358
DYNC1I2,12.6963282949371,73.3440214715276,5.79175466738733,1.63011157281744e-6,1.26431895728605e-4,4.88098463421629
GTF2H5,16.878975702398,73.1376649010488,5.7908089130706,1.63472334433075e-6,1.26431895728605e-4,4.87853469821466
ICMT,10.321416754672,67.215055021437,5.78654770820058,1.65566500094547e-6,1.2766233964737e-4,4.86749558704938
L1CAM,-24.4541890352022,25.0486146200421,-5.78444830836035,1.66608117392502e-6,1.28076203697363e-4,4.86205647975931
KLHL7,8.63908076672741,65.9494816332139,5.77463304991901,1.71565796032493e-6,1.31488855400371e-4,4.83662384328621
C1orf85,13.5097557042393,70.339516290756,5.77036760867887,1.73766112885004e-6,1.32774058785144e-4,4.82556981363436
C16orf62,9.66846703855125,75.9549833006638,5.76347388005923,1.77382188030461e-6,1.34388273759506e-4,4.80770233026809
LINC01237,-26.9797923603487,26.7574905535345,-5.76343612013589,1.77402201134184e-6,1.34388273759506e-4,4.80760445504758
CCDC112,13.0753076006701,69.2852011242745,5.7633120818471,1.77467958488783e-6,1.34388273759506e-4,4.80728294231968
MRPL24,10.1867669525523,67.3173175897404,5.74645195100212,1.86637357941234e-6,1.40803982057359e-4,4.76357283764271
NAA38,21.4630798232121,77.6003726148597,5.74437957304137,1.87796710798922e-6,1.40803982057359e-4,4.75819909968408
TXNRD1,13.9788802858378,78.0295135887358,5.743769787303,1.88139216287152e-6,1.40803982057359e-4,4.75661786284287
CRYL1,16.1299352794185,70.8117035929132,5.74373197131126,1.88160477441835e-6,1.40803982057359e-4,4.75651980144425
USP10,11.53010301066,83.858472526546,5.74046469965121,1.90006545255304e-6,1.41767236471663e-4,4.74804708364233
RPS6KL1,-20.0178752958805,36.0679519768503,-5.73288727527575,1.94358094634749e-6,1.43823958798184e-4,4.72839503962303
TMEM69,13.2574267950559,65.0406492690366,5.73226428829556,1.94720274835775e-6,1.43823958798184e-4,4.72677918747462
NPTN,10.1946759636578,79.6554328852059,5.73177727237136,1.95003877754505e-6,1.43823958798184e-4,4.72551599150188
FAM171A2,-16.62165224067,12.1039443180867,-5.73173088451012,1.95030912277576e-6,1.43823958798184e-4,4.72539567248263
TALDO1,24.1921460692213,98.7644803820393,5.73038264413989,1.95818300465009e-6,1.43986047715836e-4,4.72189860966764
PEG10,-27.3851290071553,35.1182213061148,-5.72933339762172,1.9643327628864e-6,1.4402079054596e-4,4.7191770100254
MTSS1L,-30.0154027168151,39.7786055366442,-5.72753858621587,1.97489726702792e-6,1.44327440965778e-4,4.71452138425475
SNORD88B,-19.6402557440936,11.7841534464562,-5.72669304649357,1.97989393945485e-6,1.44327440965778e-4,4.7123280497266
S100A8,53.44918002837,136.798270260624,5.71956828170433,2.02250363368608e-6,1.46950647589867e-4,4.69384488780103
RAB3D,25.306567384448,86.5673192713755,5.7182252055909,2.03063824777283e-6,1.46950647589867e-4,4.69036036574676
MANSC4,-15.2413916252092,9.14483497512549,-5.71779389089569,2.03325754115591e-6,1.46950647589867e-4,4.68924132852874
LMO4,14.7460804749929,81.3488694882656,5.71165028135638,2.07093616207867e-6,1.49080352424482e-4,4.67330081814756
HIATL1,13.0611166231282,79.4904190607728,5.71107850252148,2.07447825630094e-6,1.49080352424482e-4,4.67181715429127
QPCT,27.6635562193902,81.3943655826551,5.70980742918444,2.08237414767792e-6,1.49089810745234e-4,4.66851888642459
GSTO1,28.0012856333055,95.2210990764573,5.70916697628439,2.08636403400182e-6,1.49089810745234e-4,4.66685696431205
YWHAH,20.5569165695031,85.4168539820784,5.70262501641345,2.12756034998975e-6,1.51606603816124e-4,4.64987992968788
MAOA,-17.8163510888097,14.6128220609544,-5.70095949777964,2.1381780461736e-6,1.51663666154984e-4,4.64555739874214
IGFALS,-25.8784549647987,20.5647139912998,-5.69967427067823,2.1464076541392e-6,1.51663666154984e-4,4.64222174563793
HEXB,20.0955523029223,91.4192122183257,5.69796359853792,2.15741073404772e-6,1.51663666154984e-4,4.637781772624
STX12,15.1368975901525,85.8857160447827,5.69722132446421,2.1622026186149e-6,1.51663666154984e-4,4.63585518801445
REEP3,11.0326411754067,69.8630964154385,5.69706058372519,2.16324171321704e-6,1.51663666154984e-4,4.63543797915516
NEU4,-31.9105522460768,32.5098663183137,-5.69689739958873,2.16429711466968e-6,1.51663666154984e-4,4.63501442704572
CTSC,19.3032863725992,94.488884177179,5.69598448948181,2.17021092771441e-6,1.51663666154984e-4,4.63264490142677
NDUFV3,19.6631006546285,76.1209205402157,5.69365037800364,2.18540496467422e-6,1.52158996095496e-4,4.62658635439572
IVD,12.4792219278672,81.7043491877009,5.69204336394453,2.19592781409944e-6,1.52158996095496e-4,4.62241494420397
GBP4,15.4498375124917,87.5509817488732,5.68780283450107,2.22393944237431e-6,1.52158996095496e-4,4.61140696966774
COX15,14.8438905993098,76.4419968410136,5.68777197548134,2.22414459389041e-6,1.52158996095496e-4,4.61132685961677
DBT,14.4454598985205,73.7984087332038,5.68718926987356,2.22802199556482e-6,1.52158996095496e-4,4.60981414643004
NCOA4,17.3338030073872,101.060375211805,5.68713689066539,2.22837086538247e-6,1.52158996095496e-4,4.60967816834391
PYGL,18.0241293806997,82.8844932087347,5.68691921729142,2.22982125730338e-6,1.52158996095496e-4,4.60911307992148
MIS18BP1,12.8750867210459,83.0299727446686,5.68680452487496,2.23058585126225e-6,1.52158996095496e-4,4.60881533307982
PRKAG2,13.1585987737875,84.0032179298828,5.68655803384677,2.23222996599891e-6,1.52158996095496e-4,4.60817542874236
TTC24,-34.13878766705,32.7535103256786,-5.68580213147035,2.23727946797619e-6,1.52158996095496e-4,4.6062130458686
OBFC1,8.30775994224546,75.746201697897,5.68307142371462,2.25561637693202e-6,1.52559586724616e-4,4.59912367861688
N4BP3,-25.4261570861026,40.8676769811347,-5.68238551234144,2.26024593150028e-6,1.52559586724616e-4,4.59734288270554
TRIM14,17.1464700223563,89.9643814320906,5.68224268267279,2.26121115612013e-6,1.52559586724616e-4,4.59697205861745
IL6R,21.2424078083203,96.7951807304779,5.68114073913212,2.26867184320431e-6,1.52656942489143e-4,4.59411108470874
SNORD10,-29.6786100588489,43.3388868341811,-5.67529228782353,2.30868332818624e-6,1.54938303358276e-4,4.57892578122315
NPIPA5,-32.2105575312446,25.0858368247408,-5.67179345503024,2.33295729065387e-6,1.56154249470468e-4,4.56984039799577
KNOP1,15.413592937994,56.7846699769691,5.67035535460095,2.34300841889905e-6,1.56414309396398e-4,4.56610592838086
MRPL34,20.5009183841818,79.1426826967,5.6691726374719,2.3513071232502e-6,1.56474253047457e-4,4.56303456648327
ABHD5,18.2031458801374,78.4720108400258,5.66847120936038,2.35624269410787e-6,1.56474253047457e-4,4.56121301803253
ZKSCAN1,12.9756286723825,85.4912353625746,5.66697860328259,2.36677991637684e-6,1.5676363686331e-4,4.55733677117437
ARHGAP42,-20.6338831727216,22.2046219530122,-5.66429131127335,2.38587027581078e-6,1.5761655509575e-4,4.55035770154646
VCL,14.783280925562,92.2498955180464,5.66206470076913,2.40180475232662e-6,1.57966471931151e-4,4.54457479491396
IFI35,21.4772942795205,84.9897962649794,5.66181184296299,2.4036210251271e-6,1.57966471931151e-4,4.54391806321976
VDAC3,17.5490900759175,88.9065326932583,5.66067262806599,2.41182105780531e-6,1.58095805153501e-4,4.54095921498627
NINJ2,14.5607986100683,63.3747409779479,5.65872549611343,2.42590136726398e-6,1.58608932692661e-4,4.53590184861392
AIMP2,10.6162746133773,55.5666083439553,5.65568312627431,2.44806665804712e-6,1.59646670903186e-4,4.52799942405604
PROSC,21.4083932978765,84.7435230595944,5.65289256810898,2.46857564748213e-6,1.60571351346992e-4,4.52075069448368
RPUSD3,15.6127731963035,73.5328946198046,5.65119544063623,2.48113260033379e-6,1.60975375461042e-4,4.51634207636849
MARK1,-19.3411148122558,16.6075772387753,-5.65012328676415,2.48909835471598e-6,1.61080222098048e-4,4.51355688071627
RALB,15.9663621232023,83.8087285523539,5.6484163950086,2.5018328772704e-6,1.6149235732976e-4,4.50912268202796
PRCP,20.6494285583249,89.4684276618687,5.64640253414068,2.51694150805817e-6,1.61891455845991e-4,4.50389086257711
ADAP2,18.7924661534103,76.8580530762303,5.64589293682861,2.52077913352123e-6,1.61891455845991e-4,4.50256694801193
IDH3A,8.51569466732887,77.8970940565202,5.64244672673337,2.5468857520827e-6,1.62691526260026e-4,4.49361351711872
VNN2,18.3053915998449,85.147916827284,5.64097006236582,2.55815485259881e-6,1.62691526260026e-4,4.48977690398661
PTRHD1,21.6280565753749,75.3857468198555,5.64096115503254,2.55822297979347e-6,1.62691526260026e-4,4.48975376099632
MCMBP,15.2936310759346,85.7290839784613,5.64087397069603,2.55888989978517e-6,1.62691526260026e-4,4.48952723888718
SERGEF,9.38701886434744,65.718445438424,5.63870302505876,2.57555288748714e-6,1.6308115251144e-4,4.48388658434079
LILRA2,18.2461873164782,83.1709981763031,5.63784665927502,2.58215572292337e-6,1.6308115251144e-4,4.48166147615872
CCT6A,14.6504683726747,87.6630810319329,5.63756851042308,2.58430397783029e-6,1.6308115251144e-4,4.48093875077317
TIMP2,24.4867466690085,92.8290920537745,5.63171869304216,2.62990134417562e-6,1.65546742677536e-4,4.46573814153403
CYBB,23.5904730442817,108.964085571162,5.63026950380484,2.64132123259914e-6,1.65854052050928e-4,4.46197222562322
ZADH2,13.1120244059491,78.8934975249535,5.62920026181898,2.64977888086857e-6,1.65974297900923e-4,4.45919359559056
EPB41L3,19.9583479903178,84.0264433084851,5.62370921340901,2.69364182645579e-6,1.68306172053031e-4,4.44492327169058
FABP3,24.3612854992779,43.0559817906389,5.61956020664729,2.72726591227182e-6,1.69988407033198e-4,4.43413982844418
PPP1R21,10.9786441062345,78.6296698285443,5.61611195986244,2.75553044511129e-6,1.71329157675449e-4,4.42517712999108
ALDH3A2,7.04817490779987,73.7495683040578,5.61399067275617,2.77306366529753e-6,1.71997748316058e-4,4.41966322035285
BATF,17.1223728245129,68.8448299687782,5.61102228965428,2.79778608041791e-6,1.73107895824491e-4,4.41194711631295
NDUFAF1,17.3204920156073,65.1665636383025,5.60877983445314,2.81660873256523e-6,1.7328657483925e-4,4.40611776595926
C5orf15,14.4975627993767,81.5743375642296,5.60826307250962,2.82096425327802e-6,1.7328657483925e-4,4.40477439321853
MIR26B,-16.4439207856191,10.5675523305284,-5.60742379505074,2.82805246222267e-6,1.7328657483925e-4,4.40259258644496
SLC25A20,15.5522406293415,69.4628773111784,5.60722209110704,2.82975863021e-6,1.7328657483925e-4,4.40206822743619
LILRB3,20.5008255546,83.8263360372962,5.60662345019463,2.83482846729299e-6,1.7328657483925e-4,4.40051196255848
FBXL5,24.8884770233164,102.363672140494,5.60523187543663,2.8466487504054e-6,1.73590830529529e-4,4.39689427912778
COQ5,14.1631328892944,67.646391330755,5.59993213651069,2.89211914941548e-6,1.75701654946319e-4,4.38311579146837
CNDP1,-18.9688088974024,14.7666987643626,-5.59935397501951,2.89712339902072e-6,1.75701654946319e-4,4.38161259281361
TOR1A,14.6269860259729,78.2207034743603,5.5987867185723,2.90204168332182e-6,1.75701654946319e-4,4.38013773361037
NANS,15.1950524276992,78.3216333380681,5.59744556037738,2.91370319032918e-6,1.75987672695883e-4,4.37665068803314
FXYD6,14.0573986638072,62.9877307813018,5.59663583178242,2.92076655732814e-6,1.75995263720428e-4,4.37454533758832
IFI16,18.3625820921583,97.0131936165047,5.59470237902254,2.93770170831909e-6,1.76596248665021e-4,4.36951811897954
WSB1,22.7979195445643,102.388353928139,5.58922532625111,2.98621072429853e-6,1.78581385470101e-4,4.35527628058869
SIRT5,12.1438711576988,72.0229245236656,5.58907014075047,2.98759678392363e-6,1.78581385470101e-4,4.35487273825798
AKR7A2,9.4828720964415,67.9127808798466,5.58859510680981,2.99184361497923e-6,1.78581385470101e-4,4.3536374602957
PQLC3,20.2083549654861,87.9701804369251,5.58761616071304,3.00061451353662e-6,1.78684481172293e-4,4.35109178116139
LOC644961,22.6296255905284,70.8819662533195,5.5846087664244,3.02772063769384e-6,1.7986770017003e-4,4.34327103029341
VCAN,33.6171673777469,118.716154308577,5.58342987638386,3.03841289592962e-6,1.7986770017003e-4,4.34020522068448
FBP1,24.4726111874011,83.359210265725,5.58306222851913,3.04175509984796e-6,1.7986770017003e-4,4.33924910815349
TXNDC9,14.6884872486553,69.052880374057,5.57768011691708,3.09110593038139e-6,1.82360872655616e-4,4.3252516737471
RAB31,28.4124340195594,98.8454983574726,5.57493427185211,3.11659158333345e-6,1.83437808088174e-4,4.31811003080423
ATF6,14.5714614617616,83.1202995362961,5.5714209754225,3.14950722295233e-6,1.849460630367e-4,4.30897190767707
EFR3A,14.5219242379832,89.785720851076,5.56819504791534,3.18003678816565e-6,1.86307559450777e-4,4.30058081936438
SCARNA21,-18.870177836028,22.2555021802526,-5.5665587344148,3.19563556193508e-6,1.86732831174742e-4,4.29632438846062
TMEM52,-13.0413876742143,7.82483260452856,-5.56589156410656,3.2020175638999e-6,1.86732831174742e-4,4.29458889476968
ZNF354C,-28.927056311247,23.931470663618,-5.56379738076585,3.22213301014189e-6,1.87474931654311e-4,4.28914123854249
ITPKA,-16.9695712224364,12.1900865011311,-5.55965661725487,3.2622795727382e-6,1.89065139907874e-4,4.27836927516098
FBXO9,21.8511742061142,95.3208573454661,5.5594424346764,3.26436972877833e-6,1.89065139907874e-4,4.2778120738993
DNAJB13,-36.127840683651,33.7835151017539,-5.5549165581716196,3.30885129877879e-6,1.90786763096571e-4,4.26603749899622
TMBIM4,25.9794866342673,95.9591585582022,5.55386960246815,3.31922713446391e-6,1.90786763096571e-4,4.26331361938398
HAUS4,15.8177143554053,78.6005528458234,5.55295804969043,3.32828756674285e-6,1.90786763096571e-4,4.2609419869361
PDCD6,19.14612641894,89.3305803321919,5.55295154050384,3.32835235407712e-6,1.90786763096571e-4,4.26092505155104
RND1,-25.5613214108135,32.4532266171601,-5.55261549164172,3.33169883521684e-6,1.90786763096571e-4,4.26005072870999
ZSWIM7,17.0098468802359,76.6489817750444,5.54997062821251,3.35815499862381e-6,1.91662077083365e-4,4.25316925155978
FNDC3B,13.3494671687681,82.5349388660569,5.54957853102552,3.36209493464591e-6,1.91662077083365e-4,4.25214906096702
ANO10,9.41036272206377,56.5957710515769,5.54650504614419,3.39313905649305e-6,1.92998097724475e-4,4.2441520245616
ACOX1,11.5273214354866,75.8314187117333,5.54189394587,3.44025271272171e-6,1.95240113683052e-4,4.23215356589486
OARD1,17.6815673491012,75.5198075300837,5.54034333119615,3.45624261170766e-6,1.95709737887946e-4,4.22811857098958
TCERG1L,-14.5689999905528,10.5347585153349,-5.53721830443832,3.48869405158613e-6,1.97107328954648e-4,4.21998639928092
SLC25A13,12.3133852664168,73.6591365462333,5.53495952760594,3.51233963019604e-6,1.97740769264996e-4,4.21410823396459
HIF1A-AS2,-18.0448356837405,10.8269014102443,-5.53357270996831,3.52693662574321e-6,1.97740769264996e-4,4.21049913848045
MSTO2P,-34.3630221092545,27.3186435108933,-5.53294167626324,3.53359866391356e-6,1.97740769264996e-4,4.20885689560976
LRP5,-23.4959695807655,31.6893104075236,-5.53271277083945,3.53601840642074e-6,1.97740769264996e-4,4.20826117395979
COMT,15.8652405944343,82.39590752195,5.53244226359294,3.53888005543631e-6,1.97740769264996e-4,4.20755718209859
NAGK,19.9028612910419,91.6376672653966,5.52986166855241,3.56629644570579e-6,1.98823618319255e-4,4.20084108825644
FUCA1,12.3663430168497,70.257642123554,5.52836366984458,3.5823086192194e-6,1.98823618319255e-4,4.19694238693781
CLTA,26.5885083350556,92.4041191491803,5.52782176499003,3.58811875824356e-6,1.98823618319255e-4,4.19553200298462
DESI1,11.3534652469487,78.7799706642923,5.52768285427129,3.58960963379924e-6,1.98823618319255e-4,4.19517046660616
CHP1,19.0923202723489,89.7740622524257,5.52546211527273,3.613528277861e-6,1.99712386389494e-4,4.18939056521243
POP7,17.1708308925705,69.7169571143098,5.5244917027471,3.62403016710348e-6,1.99857385389307e-4,4.18686482727137
SLC6A9,-15.5793215693105,13.8413398426932,-5.52180756973833,3.65323734976286e-6,2.01031073945302e-4,4.17987854453103
NBR1,14.1924479476446,88.9091106201347,5.52088759135109,3.66330210039416e-6,2.01148588058006e-4,4.17748396209018
MAP2K1,14.4915734514388,88.2301295743009,5.51951091157652,3.67841508016192e-6,2.015421895325e-4,4.17390059360592
NARS,12.353039134173,89.3509322911369,5.51770871108266,3.69829364582334e-6,2.02194640532859e-4,4.169209539721
GSG1,-13.6943608566272,8.21661651397634,-5.51687069710559,3.70757363521075e-6,2.02266081673175e-4,4.16702818727047
AZI2,13.1056560811938,80.2368388194349,5.51511732919492,3.7270654648256e-6,2.02866199512371e-4,4.16246409168866
ATP6V1E1,15.4826994491281,86.4203290941191,5.51444490989714,3.73456776932659e-6,2.02866199512371e-4,4.16071372730691
METTL9,23.5249506130966,99.6307343863936,5.50766755544967,3.8110323085088e-6,2.06577494876605e-4,4.14307088126253
AP1S2,21.4313643037579,97.0884000893552,5.50217937393696,3.8740976672889e-6,2.0954820815306e-4,4.12878294044003
FAM129A,21.3479734892628,91.1608387789682,5.50040263645068,3.89473715122896e-6,2.10216366068886e-4,4.12415717565076
ITFG1,13.1516128572996,75.7667078848862,5.4937093909024,3.97348140085858e-6,2.13204365969047e-4,4.10673032200505
LOC339803,14.2597202541154,43.3466229923163,5.49357289101738,3.9751037403306e-6,2.13204365969047e-4,4.10637491004052
TMEM126B,8.39878694321245,69.5041038186688,5.49303480040869,3.98150555225149e-6,2.13204365969047e-4,4.10497384954315
NDUFA2,23.4058590035044,86.0276512506914,5.49258099561324,3.9869126048187e-6,2.13204365969047e-4,4.1037922424764
MPC1,9.48289413679138,72.965827277937,5.49214461596124,3.99211896228703e-6,2.13204365969047e-4,4.10265600070534
RRP36,19.137510196417,79.4932815213171,5.48919912248207,4.02743928802238e-6,2.14638823232252e-4,4.09498639783653
HNF1A,-20.6234176128771,12.3740505677262,-5.48834503670836,4.03773920625027e-6,2.14736620931146e-4,4.09276244351772
IL15RA,14.4622138405007,67.5542984959637,5.48432840147377,4.08653242667902e-6,2.16876892468605e-4,4.08230323260038
SFT2D1,8.96431725105509,71.7970366306514,5.48028870603175,4.13620036564892e-6,2.18870133738189e-4,4.07178349148479
C9orf69,11.9901294719752,69.108593937319,5.47951653420331,4.14576267575471e-6,2.18870133738189e-4,4.06977263003578
P2RX7,17.8357734785731,80.6788744716528,5.47843079103279,4.15924554172925e-6,2.18870133738189e-4,4.06694514826099
THG1L,9.2264806042909,59.7514022461217,5.4772303714495,4.17420350183524e-6,2.18870133738189e-4,4.0638189874602
CAT,15.9429974377999,86.6911124506884,5.47720444338356,4.17452717396798e-6,2.18870133738189e-4,4.06375146452323
TDRD7,9.073014217032,72.7175149318399,5.47709730954232,4.17586484168575e-6,2.18870133738189e-4,4.06347246195629
MPHOSPH6,17.6228479947688,78.1496389743502,5.47640774459859,4.18448497567888e-6,2.18870133738189e-4,4.06167665927663
KIF18B,-22.3665547521651,22.3528689152724,-5.47548321503523,4.19607028224434e-6,2.19024508065791e-4,4.0592689274011
CD86,19.0187073514105,85.8595879400951,5.47279885058089,4.22989015642336e-6,2.20183402684484e-4,4.05227795757985
SQRDL,17.1817740803206,84.6223746919128,5.47234527568862,4.2356315243625e-6,2.20183402684484e-4,4.05109667875005
EPHA2,-25.9938047036189,31.2670381168404,-5.46862750113815,4.28298582135808e-6,2.2198303794341e-4,4.04141398244933
SCPEP1,17.8794593314351,93.7490669061517,5.4659327063623,4.31764062908435e-6,2.2198303794341e-4,4.03439532627322
BCAS1,-18.5690042786951,26.1849138233665,-5.46558258107521,4.32216373317566e-6,2.2198303794341e-4,4.03348340190899
ZAK,17.1963551926311,74.6905054074595,5.46552241243962,4.32294150027476e-6,2.2198303794341e-4,4.03332668839333
GSN,23.1697198734933,90.3963267527807,5.46536112965192,4.32502700496977e-6,2.2198303794341e-4,4.03290661534005
USP33,10.4784224066409,87.4419834217456,5.46524843319171,4.32648484966562e-6,2.2198303794341e-4,4.03261308857367
OSR2,-25.1676027071983,22.2470469309843,-5.46486069414973,4.33150440641705e-6,2.2198303794341e-4,4.03160318915236
LYSMD2,9.46178603380296,71.7407804158555,5.46204526374754,4.36812716108599e-6,2.2272378710287e-4,4.02427003606476
PAPSS1,15.7617919689932,79.1427892121901,5.46198518783863,4.36891198403892e-6,2.2272378710287e-4,4.02411355820741
SNX29P1,-21.1809971954524,15.6552756928381,-5.46085601126757,4.38368963179418e-6,2.2272378710287e-4,4.0211724086487
KRTAP5-8,-17.2364345943248,10.3418607565949,-5.46059674461551,4.38708972716615e-6,2.2272378710287e-4,4.02049709571344
OAS1,23.0038071255782,83.1609080255793,5.46038587710426,4.38985704633533e-6,2.2272378710287e-4,4.01994784687336
